日期,地理位置,观看次数
2025-12-02,BD,0
2025-12-03,BD,0
2025-12-04,BD,0
2025-12-05,BD,0
2025-12-06,BD,0
2025-12-07,BD,0
2025-12-08,BD,0
2025-12-09,BD,0
2025-12-10,BD,0
2025-12-11,BD,0
2025-12-12,BD,0
2025-12-13,BD,0
2025-12-14,BD,0
2025-12-15,BD,0
2025-12-16,BD,0
2025-12-17,BD,0
2025-12-18,BD,0
2025-12-19,BD,0
2025-12-20,BD,0
2025-12-21,BD,0
2025-12-22,BD,0
2025-12-23,BD,0
2025-12-24,BD,0
2025-12-25,BD,0
2025-12-26,BD,0
2025-12-27,BD,0
2025-12-28,BD,0
2025-12-29,BD,0
2025-12-30,BD,0
2025-12-31,BD,0
2026-01-01,BD,0
2026-01-02,BD,0
2026-01-03,BD,0
2026-01-04,BD,0
2026-01-05,BD,0
2026-01-06,BD,0
2026-01-07,BD,0
2026-01-08,BD,0
2026-01-09,BD,0
2026-01-10,BD,0
2026-01-11,BD,0
2026-01-12,BD,0
2026-01-13,BD,0
2026-01-14,BD,0
2026-01-15,BD,0
2026-01-16,BD,0
2026-01-17,BD,0
2026-01-18,BD,0
2026-01-19,BD,0
2026-01-20,BD,0
2026-01-21,BD,0
2026-01-22,BD,0
2026-01-23,BD,0
2026-01-24,BD,0
2026-01-25,BD,0
2026-01-26,BD,0
2026-01-27,BD,0
2026-01-28,BD,0
2026-01-29,BD,0
2026-01-30,BD,0
2026-01-31,BD,0
2026-02-01,BD,0
2026-02-02,BD,0
2026-02-03,BD,0
2026-02-04,BD,0
2026-02-05,BD,0
2026-02-06,BD,0
2026-02-07,BD,0
2026-02-08,BD,0
2026-02-09,BD,0
2026-02-10,BD,0
2026-02-11,BD,0
2026-02-12,BD,0
2026-02-13,BD,0
2026-02-14,BD,0
2026-02-15,BD,0
2026-02-16,BD,0
2026-02-17,BD,0
2026-02-18,BD,0
2026-02-19,BD,0
2026-02-20,BD,0
2026-02-21,BD,67
2026-02-22,BD,0
2026-02-23,BD,0
2026-02-24,BD,0
2026-02-25,BD,86
2026-02-26,BD,86
2026-02-27,BD,0
2026-02-28,BD,0
2026-03-01,BD,0
2025-12-02,BR,0
2025-12-03,BR,0
2025-12-04,BR,0
2025-12-05,BR,0
2025-12-06,BR,0
2025-12-07,BR,0
2025-12-08,BR,0
2025-12-09,BR,0
2025-12-10,BR,0
2025-12-11,BR,0
2025-12-12,BR,0
2025-12-13,BR,0
2025-12-14,BR,0
2025-12-15,BR,0
2025-12-16,BR,0
2025-12-17,BR,0
2025-12-18,BR,0
2025-12-19,BR,0
2025-12-20,BR,0
2025-12-21,BR,0
2025-12-22,BR,0
2025-12-23,BR,0
2025-12-24,BR,0
2025-12-25,BR,0
2025-12-26,BR,0
2025-12-27,BR,0
2025-12-28,BR,0
2025-12-29,BR,0
2025-12-30,BR,0
2025-12-31,BR,0
2026-01-01,BR,0
2026-01-02,BR,0
2026-01-03,BR,0
2026-01-04,BR,0
2026-01-05,BR,0
2026-01-06,BR,0
2026-01-07,BR,0
2026-01-08,BR,0
2026-01-09,BR,0
2026-01-10,BR,0
2026-01-11,BR,0
2026-01-12,BR,0
2026-01-13,BR,0
2026-01-14,BR,0
2026-01-15,BR,0
2026-01-16,BR,0
2026-01-17,BR,0
2026-01-18,BR,0
2026-01-19,BR,0
2026-01-20,BR,0
2026-01-21,BR,0
2026-01-22,BR,0
2026-01-23,BR,0
2026-01-24,BR,0
2026-01-25,BR,0
2026-01-26,BR,0
2026-01-27,BR,0
2026-01-28,BR,0
2026-01-29,BR,0
2026-01-30,BR,0
2026-01-31,BR,0
2026-02-01,BR,0
2026-02-02,BR,0
2026-02-03,BR,0
2026-02-04,BR,0
2026-02-05,BR,0
2026-02-06,BR,0
2026-02-07,BR,0
2026-02-08,BR,0
2026-02-09,BR,0
2026-02-10,BR,0
2026-02-11,BR,0
2026-02-12,BR,0
2026-02-13,BR,0
2026-02-14,BR,0
2026-02-15,BR,0
2026-02-16,BR,0
2026-02-17,BR,0
2026-02-18,BR,0
2026-02-19,BR,0
2026-02-20,BR,0
2026-02-21,BR,166
2026-02-22,BR,0
2026-02-23,BR,0
2026-02-24,BR,0
2026-02-25,BR,0
2026-02-26,BR,174
2026-02-27,BR,0
2026-02-28,BR,0
2026-03-01,BR,0
2025-12-02,CA,0
2025-12-03,CA,0
2025-12-04,CA,0
2025-12-05,CA,0
2025-12-06,CA,0
2025-12-07,CA,0
2025-12-08,CA,0
2025-12-09,CA,0
2025-12-10,CA,0
2025-12-11,CA,0
2025-12-12,CA,0
2025-12-13,CA,0
2025-12-14,CA,0
2025-12-15,CA,0
2025-12-16,CA,0
2025-12-17,CA,0
2025-12-18,CA,0
2025-12-19,CA,0
2025-12-20,CA,0
2025-12-21,CA,0
2025-12-22,CA,0
2025-12-23,CA,0
2025-12-24,CA,0
2025-12-25,CA,0
2025-12-26,CA,0
2025-12-27,CA,0
2025-12-28,CA,0
2025-12-29,CA,0
2025-12-30,CA,0
2025-12-31,CA,0
2026-01-01,CA,0
2026-01-02,CA,0
2026-01-03,CA,0
2026-01-04,CA,0
2026-01-05,CA,0
2026-01-06,CA,0
2026-01-07,CA,0
2026-01-08,CA,0
2026-01-09,CA,0
2026-01-10,CA,0
2026-01-11,CA,0
2026-01-12,CA,0
2026-01-13,CA,0
2026-01-14,CA,0
2026-01-15,CA,0
2026-01-16,CA,0
2026-01-17,CA,0
2026-01-18,CA,0
2026-01-19,CA,0
2026-01-20,CA,0
2026-01-21,CA,0
2026-01-22,CA,0
2026-01-23,CA,0
2026-01-24,CA,0
2026-01-25,CA,0
2026-01-26,CA,0
2026-01-27,CA,0
2026-01-28,CA,0
2026-01-29,CA,0
2026-01-30,CA,0
2026-01-31,CA,0
2026-02-01,CA,0
2026-02-02,CA,0
2026-02-03,CA,0
2026-02-04,CA,0
2026-02-05,CA,0
2026-02-06,CA,0
2026-02-07,CA,0
2026-02-08,CA,0
2026-02-09,CA,0
2026-02-10,CA,0
2026-02-11,CA,0
2026-02-12,CA,0
2026-02-13,CA,0
2026-02-14,CA,0
2026-02-15,CA,0
2026-02-16,CA,0
2026-02-17,CA,0
2026-02-18,CA,0
2026-02-19,CA,0
2026-02-20,CA,0
2026-02-21,CA,54
2026-02-22,CA,0
2026-02-23,CA,0
2026-02-24,CA,0
2026-02-25,CA,0
2026-02-26,CA,0
2026-02-27,CA,0
2026-02-28,CA,0
2026-03-01,CA,0
2025-12-02,DE,0
2025-12-03,DE,0
2025-12-04,DE,0
2025-12-05,DE,0
2025-12-06,DE,0
2025-12-07,DE,0
2025-12-08,DE,0
2025-12-09,DE,0
2025-12-10,DE,0
2025-12-11,DE,0
2025-12-12,DE,0
2025-12-13,DE,0
2025-12-14,DE,0
2025-12-15,DE,0
2025-12-16,DE,0
2025-12-17,DE,0
2025-12-18,DE,0
2025-12-19,DE,0
2025-12-20,DE,0
2025-12-21,DE,0
2025-12-22,DE,0
2025-12-23,DE,0
2025-12-24,DE,0
2025-12-25,DE,0
2025-12-26,DE,0
2025-12-27,DE,0
2025-12-28,DE,0
2025-12-29,DE,0
2025-12-30,DE,0
2025-12-31,DE,0
2026-01-01,DE,0
2026-01-02,DE,0
2026-01-03,DE,0
2026-01-04,DE,0
2026-01-05,DE,0
2026-01-06,DE,0
2026-01-07,DE,0
2026-01-08,DE,0
2026-01-09,DE,0
2026-01-10,DE,0
2026-01-11,DE,0
2026-01-12,DE,0
2026-01-13,DE,0
2026-01-14,DE,0
2026-01-15,DE,0
2026-01-16,DE,0
2026-01-17,DE,0
2026-01-18,DE,0
2026-01-19,DE,0
2026-01-20,DE,0
2026-01-21,DE,0
2026-01-22,DE,0
2026-01-23,DE,0
2026-01-24,DE,0
2026-01-25,DE,0
2026-01-26,DE,0
2026-01-27,DE,0
2026-01-28,DE,0
2026-01-29,DE,0
2026-01-30,DE,0
2026-01-31,DE,0
2026-02-01,DE,0
2026-02-02,DE,0
2026-02-03,DE,0
2026-02-04,DE,0
2026-02-05,DE,0
2026-02-06,DE,0
2026-02-07,DE,0
2026-02-08,DE,0
2026-02-09,DE,0
2026-02-10,DE,0
2026-02-11,DE,0
2026-02-12,DE,0
2026-02-13,DE,0
2026-02-14,DE,0
2026-02-15,DE,0
2026-02-16,DE,0
2026-02-17,DE,0
2026-02-18,DE,0
2026-02-19,DE,0
2026-02-20,DE,0
2026-02-21,DE,210
2026-02-22,DE,0
2026-02-23,DE,0
2026-02-24,DE,0
2026-02-25,DE,0
2026-02-26,DE,0
2026-02-27,DE,0
2026-02-28,DE,0
2026-03-01,DE,0
2025-12-02,DZ,0
2025-12-03,DZ,0
2025-12-04,DZ,0
2025-12-05,DZ,0
2025-12-06,DZ,0
2025-12-07,DZ,0
2025-12-08,DZ,0
2025-12-09,DZ,0
2025-12-10,DZ,0
2025-12-11,DZ,0
2025-12-12,DZ,0
2025-12-13,DZ,0
2025-12-14,DZ,0
2025-12-15,DZ,0
2025-12-16,DZ,0
2025-12-17,DZ,0
2025-12-18,DZ,0
2025-12-19,DZ,0
2025-12-20,DZ,0
2025-12-21,DZ,0
2025-12-22,DZ,0
2025-12-23,DZ,0
2025-12-24,DZ,0
2025-12-25,DZ,0
2025-12-26,DZ,0
2025-12-27,DZ,0
2025-12-28,DZ,0
2025-12-29,DZ,0
2025-12-30,DZ,0
2025-12-31,DZ,0
2026-01-01,DZ,0
2026-01-02,DZ,0
2026-01-03,DZ,0
2026-01-04,DZ,0
2026-01-05,DZ,0
2026-01-06,DZ,0
2026-01-07,DZ,0
2026-01-08,DZ,0
2026-01-09,DZ,0
2026-01-10,DZ,0
2026-01-11,DZ,0
2026-01-12,DZ,0
2026-01-13,DZ,0
2026-01-14,DZ,0
2026-01-15,DZ,0
2026-01-16,DZ,0
2026-01-17,DZ,0
2026-01-18,DZ,0
2026-01-19,DZ,0
2026-01-20,DZ,0
2026-01-21,DZ,0
2026-01-22,DZ,0
2026-01-23,DZ,0
2026-01-24,DZ,0
2026-01-25,DZ,0
2026-01-26,DZ,0
2026-01-27,DZ,0
2026-01-28,DZ,0
2026-01-29,DZ,0
2026-01-30,DZ,0
2026-01-31,DZ,0
2026-02-01,DZ,0
2026-02-02,DZ,0
2026-02-03,DZ,0
2026-02-04,DZ,0
2026-02-05,DZ,0
2026-02-06,DZ,0
2026-02-07,DZ,0
2026-02-08,DZ,0
2026-02-09,DZ,0
2026-02-10,DZ,0
2026-02-11,DZ,0
2026-02-12,DZ,0
2026-02-13,DZ,0
2026-02-14,DZ,0
2026-02-15,DZ,0
2026-02-16,DZ,0
2026-02-17,DZ,0
2026-02-18,DZ,0
2026-02-19,DZ,0
2026-02-20,DZ,0
2026-02-21,DZ,42
2026-02-22,DZ,0
2026-02-23,DZ,0
2026-02-24,DZ,0
2026-02-25,DZ,0
2026-02-26,DZ,0
2026-02-27,DZ,0
2026-02-28,DZ,0
2026-03-01,DZ,0
2025-12-02,EG,0
2025-12-03,EG,0
2025-12-04,EG,0
2025-12-05,EG,0
2025-12-06,EG,0
2025-12-07,EG,0
2025-12-08,EG,0
2025-12-09,EG,0
2025-12-10,EG,0
2025-12-11,EG,0
2025-12-12,EG,0
2025-12-13,EG,0
2025-12-14,EG,0
2025-12-15,EG,0
2025-12-16,EG,0
2025-12-17,EG,0
2025-12-18,EG,0
2025-12-19,EG,0
2025-12-20,EG,0
2025-12-21,EG,0
2025-12-22,EG,0
2025-12-23,EG,0
2025-12-24,EG,0
2025-12-25,EG,0
2025-12-26,EG,0
2025-12-27,EG,0
2025-12-28,EG,0
2025-12-29,EG,0
2025-12-30,EG,0
2025-12-31,EG,0
2026-01-01,EG,0
2026-01-02,EG,0
2026-01-03,EG,0
2026-01-04,EG,0
2026-01-05,EG,0
2026-01-06,EG,0
2026-01-07,EG,0
2026-01-08,EG,0
2026-01-09,EG,0
2026-01-10,EG,0
2026-01-11,EG,0
2026-01-12,EG,0
2026-01-13,EG,0
2026-01-14,EG,0
2026-01-15,EG,0
2026-01-16,EG,0
2026-01-17,EG,0
2026-01-18,EG,0
2026-01-19,EG,0
2026-01-20,EG,0
2026-01-21,EG,0
2026-01-22,EG,0
2026-01-23,EG,0
2026-01-24,EG,0
2026-01-25,EG,0
2026-01-26,EG,0
2026-01-27,EG,0
2026-01-28,EG,0
2026-01-29,EG,0
2026-01-30,EG,0
2026-01-31,EG,0
2026-02-01,EG,0
2026-02-02,EG,0
2026-02-03,EG,0
2026-02-04,EG,0
2026-02-05,EG,0
2026-02-06,EG,0
2026-02-07,EG,0
2026-02-08,EG,0
2026-02-09,EG,0
2026-02-10,EG,0
2026-02-11,EG,0
2026-02-12,EG,0
2026-02-13,EG,0
2026-02-14,EG,0
2026-02-15,EG,0
2026-02-16,EG,0
2026-02-17,EG,0
2026-02-18,EG,0
2026-02-19,EG,0
2026-02-20,EG,0
2026-02-21,EG,46
2026-02-22,EG,0
2026-02-23,EG,0
2026-02-24,EG,0
2026-02-25,EG,0
2026-02-26,EG,54
2026-02-27,EG,0
2026-02-28,EG,0
2026-03-01,EG,0
2025-12-02,ES,0
2025-12-03,ES,0
2025-12-04,ES,0
2025-12-05,ES,0
2025-12-06,ES,0
2025-12-07,ES,0
2025-12-08,ES,0
2025-12-09,ES,0
2025-12-10,ES,0
2025-12-11,ES,0
2025-12-12,ES,0
2025-12-13,ES,0
2025-12-14,ES,0
2025-12-15,ES,0
2025-12-16,ES,0
2025-12-17,ES,0
2025-12-18,ES,0
2025-12-19,ES,0
2025-12-20,ES,0
2025-12-21,ES,0
2025-12-22,ES,0
2025-12-23,ES,0
2025-12-24,ES,0
2025-12-25,ES,0
2025-12-26,ES,0
2025-12-27,ES,0
2025-12-28,ES,0
2025-12-29,ES,0
2025-12-30,ES,0
2025-12-31,ES,0
2026-01-01,ES,0
2026-01-02,ES,0
2026-01-03,ES,0
2026-01-04,ES,0
2026-01-05,ES,0
2026-01-06,ES,0
2026-01-07,ES,0
2026-01-08,ES,0
2026-01-09,ES,0
2026-01-10,ES,0
2026-01-11,ES,0
2026-01-12,ES,0
2026-01-13,ES,0
2026-01-14,ES,0
2026-01-15,ES,0
2026-01-16,ES,0
2026-01-17,ES,0
2026-01-18,ES,0
2026-01-19,ES,0
2026-01-20,ES,0
2026-01-21,ES,0
2026-01-22,ES,0
2026-01-23,ES,0
2026-01-24,ES,0
2026-01-25,ES,0
2026-01-26,ES,0
2026-01-27,ES,0
2026-01-28,ES,0
2026-01-29,ES,0
2026-01-30,ES,0
2026-01-31,ES,0
2026-02-01,ES,0
2026-02-02,ES,0
2026-02-03,ES,0
2026-02-04,ES,0
2026-02-05,ES,0
2026-02-06,ES,0
2026-02-07,ES,0
2026-02-08,ES,0
2026-02-09,ES,0
2026-02-10,ES,0
2026-02-11,ES,0
2026-02-12,ES,0
2026-02-13,ES,0
2026-02-14,ES,0
2026-02-15,ES,0
2026-02-16,ES,0
2026-02-17,ES,0
2026-02-18,ES,0
2026-02-19,ES,0
2026-02-20,ES,0
2026-02-21,ES,61
2026-02-22,ES,0
2026-02-23,ES,0
2026-02-24,ES,0
2026-02-25,ES,0
2026-02-26,ES,0
2026-02-27,ES,0
2026-02-28,ES,0
2026-03-01,ES,0
2025-12-02,FR,0
2025-12-03,FR,0
2025-12-04,FR,0
2025-12-05,FR,0
2025-12-06,FR,0
2025-12-07,FR,0
2025-12-08,FR,0
2025-12-09,FR,0
2025-12-10,FR,0
2025-12-11,FR,0
2025-12-12,FR,0
2025-12-13,FR,0
2025-12-14,FR,0
2025-12-15,FR,0
2025-12-16,FR,0
2025-12-17,FR,0
2025-12-18,FR,0
2025-12-19,FR,0
2025-12-20,FR,0
2025-12-21,FR,0
2025-12-22,FR,0
2025-12-23,FR,0
2025-12-24,FR,0
2025-12-25,FR,0
2025-12-26,FR,0
2025-12-27,FR,0
2025-12-28,FR,0
2025-12-29,FR,0
2025-12-30,FR,0
2025-12-31,FR,0
2026-01-01,FR,0
2026-01-02,FR,0
2026-01-03,FR,0
2026-01-04,FR,0
2026-01-05,FR,0
2026-01-06,FR,0
2026-01-07,FR,0
2026-01-08,FR,0
2026-01-09,FR,0
2026-01-10,FR,0
2026-01-11,FR,0
2026-01-12,FR,0
2026-01-13,FR,0
2026-01-14,FR,0
2026-01-15,FR,0
2026-01-16,FR,0
2026-01-17,FR,0
2026-01-18,FR,0
2026-01-19,FR,0
2026-01-20,FR,0
2026-01-21,FR,0
2026-01-22,FR,0
2026-01-23,FR,0
2026-01-24,FR,0
2026-01-25,FR,0
2026-01-26,FR,0
2026-01-27,FR,0
2026-01-28,FR,0
2026-01-29,FR,0
2026-01-30,FR,0
2026-01-31,FR,0
2026-02-01,FR,0
2026-02-02,FR,0
2026-02-03,FR,0
2026-02-04,FR,0
2026-02-05,FR,0
2026-02-06,FR,0
2026-02-07,FR,0
2026-02-08,FR,0
2026-02-09,FR,0
2026-02-10,FR,0
2026-02-11,FR,0
2026-02-12,FR,0
2026-02-13,FR,0
2026-02-14,FR,0
2026-02-15,FR,0
2026-02-16,FR,0
2026-02-17,FR,0
2026-02-18,FR,0
2026-02-19,FR,0
2026-02-20,FR,0
2026-02-21,FR,45
2026-02-22,FR,0
2026-02-23,FR,0
2026-02-24,FR,0
2026-02-25,FR,0
2026-02-26,FR,0
2026-02-27,FR,0
2026-02-28,FR,0
2026-03-01,FR,0
2025-12-02,GR,0
2025-12-03,GR,0
2025-12-04,GR,0
2025-12-05,GR,0
2025-12-06,GR,0
2025-12-07,GR,0
2025-12-08,GR,0
2025-12-09,GR,0
2025-12-10,GR,0
2025-12-11,GR,0
2025-12-12,GR,0
2025-12-13,GR,0
2025-12-14,GR,0
2025-12-15,GR,0
2025-12-16,GR,0
2025-12-17,GR,0
2025-12-18,GR,0
2025-12-19,GR,0
2025-12-20,GR,0
2025-12-21,GR,0
2025-12-22,GR,0
2025-12-23,GR,0
2025-12-24,GR,0
2025-12-25,GR,0
2025-12-26,GR,0
2025-12-27,GR,0
2025-12-28,GR,0
2025-12-29,GR,0
2025-12-30,GR,0
2025-12-31,GR,0
2026-01-01,GR,0
2026-01-02,GR,0
2026-01-03,GR,0
2026-01-04,GR,0
2026-01-05,GR,0
2026-01-06,GR,0
2026-01-07,GR,0
2026-01-08,GR,0
2026-01-09,GR,0
2026-01-10,GR,0
2026-01-11,GR,0
2026-01-12,GR,0
2026-01-13,GR,0
2026-01-14,GR,0
2026-01-15,GR,0
2026-01-16,GR,0
2026-01-17,GR,0
2026-01-18,GR,0
2026-01-19,GR,0
2026-01-20,GR,0
2026-01-21,GR,0
2026-01-22,GR,0
2026-01-23,GR,0
2026-01-24,GR,0
2026-01-25,GR,0
2026-01-26,GR,0
2026-01-27,GR,0
2026-01-28,GR,0
2026-01-29,GR,0
2026-01-30,GR,0
2026-01-31,GR,0
2026-02-01,GR,0
2026-02-02,GR,0
2026-02-03,GR,0
2026-02-04,GR,0
2026-02-05,GR,0
2026-02-06,GR,0
2026-02-07,GR,0
2026-02-08,GR,0
2026-02-09,GR,0
2026-02-10,GR,0
2026-02-11,GR,0
2026-02-12,GR,0
2026-02-13,GR,0
2026-02-14,GR,0
2026-02-15,GR,0
2026-02-16,GR,0
2026-02-17,GR,0
2026-02-18,GR,0
2026-02-19,GR,0
2026-02-20,GR,0
2026-02-21,GR,35
2026-02-22,GR,0
2026-02-23,GR,0
2026-02-24,GR,0
2026-02-25,GR,0
2026-02-26,GR,0
2026-02-27,GR,0
2026-02-28,GR,0
2026-03-01,GR,0
2025-12-02,HK,0
2025-12-03,HK,0
2025-12-04,HK,0
2025-12-05,HK,0
2025-12-06,HK,0
2025-12-07,HK,0
2025-12-08,HK,0
2025-12-09,HK,0
2025-12-10,HK,0
2025-12-11,HK,0
2025-12-12,HK,0
2025-12-13,HK,0
2025-12-14,HK,0
2025-12-15,HK,0
2025-12-16,HK,0
2025-12-17,HK,0
2025-12-18,HK,0
2025-12-19,HK,0
2025-12-20,HK,0
2025-12-21,HK,0
2025-12-22,HK,0
2025-12-23,HK,0
2025-12-24,HK,0
2025-12-25,HK,0
2025-12-26,HK,0
2025-12-27,HK,0
2025-12-28,HK,0
2025-12-29,HK,0
2025-12-30,HK,0
2025-12-31,HK,0
2026-01-01,HK,0
2026-01-02,HK,0
2026-01-03,HK,0
2026-01-04,HK,0
2026-01-05,HK,0
2026-01-06,HK,0
2026-01-07,HK,0
2026-01-08,HK,0
2026-01-09,HK,0
2026-01-10,HK,0
2026-01-11,HK,0
2026-01-12,HK,0
2026-01-13,HK,0
2026-01-14,HK,0
2026-01-15,HK,0
2026-01-16,HK,0
2026-01-17,HK,0
2026-01-18,HK,0
2026-01-19,HK,0
2026-01-20,HK,0
2026-01-21,HK,0
2026-01-22,HK,0
2026-01-23,HK,0
2026-01-24,HK,0
2026-01-25,HK,0
2026-01-26,HK,0
2026-01-27,HK,0
2026-01-28,HK,0
2026-01-29,HK,0
2026-01-30,HK,0
2026-01-31,HK,0
2026-02-01,HK,0
2026-02-02,HK,0
2026-02-03,HK,0
2026-02-04,HK,0
2026-02-05,HK,0
2026-02-06,HK,0
2026-02-07,HK,0
2026-02-08,HK,0
2026-02-09,HK,0
2026-02-10,HK,0
2026-02-11,HK,0
2026-02-12,HK,0
2026-02-13,HK,0
2026-02-14,HK,0
2026-02-15,HK,44
2026-02-16,HK,0
2026-02-17,HK,0
2026-02-18,HK,0
2026-02-19,HK,265
2026-02-20,HK,551
2026-02-21,HK,429
2026-02-22,HK,129
2026-02-23,HK,0
2026-02-24,HK,81
2026-02-25,HK,38
2026-02-26,HK,80
2026-02-27,HK,49
2026-02-28,HK,0
2026-03-01,HK,0
2025-12-02,ID,0
2025-12-03,ID,0
2025-12-04,ID,0
2025-12-05,ID,0
2025-12-06,ID,0
2025-12-07,ID,0
2025-12-08,ID,0
2025-12-09,ID,0
2025-12-10,ID,0
2025-12-11,ID,0
2025-12-12,ID,0
2025-12-13,ID,0
2025-12-14,ID,0
2025-12-15,ID,0
2025-12-16,ID,0
2025-12-17,ID,0
2025-12-18,ID,0
2025-12-19,ID,0
2025-12-20,ID,0
2025-12-21,ID,0
2025-12-22,ID,0
2025-12-23,ID,0
2025-12-24,ID,0
2025-12-25,ID,0
2025-12-26,ID,0
2025-12-27,ID,0
2025-12-28,ID,0
2025-12-29,ID,0
2025-12-30,ID,0
2025-12-31,ID,0
2026-01-01,ID,0
2026-01-02,ID,0
2026-01-03,ID,0
2026-01-04,ID,0
2026-01-05,ID,0
2026-01-06,ID,0
2026-01-07,ID,0
2026-01-08,ID,0
2026-01-09,ID,0
2026-01-10,ID,0
2026-01-11,ID,0
2026-01-12,ID,0
2026-01-13,ID,0
2026-01-14,ID,0
2026-01-15,ID,0
2026-01-16,ID,0
2026-01-17,ID,0
2026-01-18,ID,0
2026-01-19,ID,0
2026-01-20,ID,0
2026-01-21,ID,0
2026-01-22,ID,0
2026-01-23,ID,0
2026-01-24,ID,0
2026-01-25,ID,0
2026-01-26,ID,0
2026-01-27,ID,0
2026-01-28,ID,0
2026-01-29,ID,0
2026-01-30,ID,0
2026-01-31,ID,0
2026-02-01,ID,0
2026-02-02,ID,0
2026-02-03,ID,0
2026-02-04,ID,0
2026-02-05,ID,0
2026-02-06,ID,0
2026-02-07,ID,0
2026-02-08,ID,0
2026-02-09,ID,0
2026-02-10,ID,0
2026-02-11,ID,0
2026-02-12,ID,0
2026-02-13,ID,0
2026-02-14,ID,0
2026-02-15,ID,185
2026-02-16,ID,160
2026-02-17,ID,0
2026-02-18,ID,0
2026-02-19,ID,0
2026-02-20,ID,93
2026-02-21,ID,406
2026-02-22,ID,62
2026-02-23,ID,0
2026-02-24,ID,116
2026-02-25,ID,188
2026-02-26,ID,214
2026-02-27,ID,0
2026-02-28,ID,0
2026-03-01,ID,0
2025-12-02,IN,0
2025-12-03,IN,0
2025-12-04,IN,0
2025-12-05,IN,0
2025-12-06,IN,0
2025-12-07,IN,0
2025-12-08,IN,0
2025-12-09,IN,0
2025-12-10,IN,0
2025-12-11,IN,0
2025-12-12,IN,0
2025-12-13,IN,0
2025-12-14,IN,0
2025-12-15,IN,0
2025-12-16,IN,0
2025-12-17,IN,0
2025-12-18,IN,0
2025-12-19,IN,0
2025-12-20,IN,0
2025-12-21,IN,0
2025-12-22,IN,0
2025-12-23,IN,0
2025-12-24,IN,0
2025-12-25,IN,0
2025-12-26,IN,0
2025-12-27,IN,0
2025-12-28,IN,0
2025-12-29,IN,0
2025-12-30,IN,0
2025-12-31,IN,0
2026-01-01,IN,0
2026-01-02,IN,0
2026-01-03,IN,0
2026-01-04,IN,0
2026-01-05,IN,0
2026-01-06,IN,0
2026-01-07,IN,0
2026-01-08,IN,0
2026-01-09,IN,0
2026-01-10,IN,0
2026-01-11,IN,0
2026-01-12,IN,0
2026-01-13,IN,0
2026-01-14,IN,0
2026-01-15,IN,0
2026-01-16,IN,0
2026-01-17,IN,0
2026-01-18,IN,0
2026-01-19,IN,0
2026-01-20,IN,0
2026-01-21,IN,0
2026-01-22,IN,0
2026-01-23,IN,0
2026-01-24,IN,0
2026-01-25,IN,0
2026-01-26,IN,0
2026-01-27,IN,0
2026-01-28,IN,0
2026-01-29,IN,0
2026-01-30,IN,0
2026-01-31,IN,0
2026-02-01,IN,0
2026-02-02,IN,0
2026-02-03,IN,0
2026-02-04,IN,0
2026-02-05,IN,0
2026-02-06,IN,0
2026-02-07,IN,0
2026-02-08,IN,0
2026-02-09,IN,0
2026-02-10,IN,0
2026-02-11,IN,0
2026-02-12,IN,0
2026-02-13,IN,0
2026-02-14,IN,0
2026-02-15,IN,62
2026-02-16,IN,0
2026-02-17,IN,0
2026-02-18,IN,0
2026-02-19,IN,0
2026-02-20,IN,93
2026-02-21,IN,145
2026-02-22,IN,0
2026-02-23,IN,0
2026-02-24,IN,62
2026-02-25,IN,184
2026-02-26,IN,299
2026-02-27,IN,0
2026-02-28,IN,0
2026-03-01,IN,0
2025-12-02,IQ,0
2025-12-03,IQ,0
2025-12-04,IQ,0
2025-12-05,IQ,0
2025-12-06,IQ,0
2025-12-07,IQ,0
2025-12-08,IQ,0
2025-12-09,IQ,0
2025-12-10,IQ,0
2025-12-11,IQ,0
2025-12-12,IQ,0
2025-12-13,IQ,0
2025-12-14,IQ,0
2025-12-15,IQ,0
2025-12-16,IQ,0
2025-12-17,IQ,0
2025-12-18,IQ,0
2025-12-19,IQ,0
2025-12-20,IQ,0
2025-12-21,IQ,0
2025-12-22,IQ,0
2025-12-23,IQ,0
2025-12-24,IQ,0
2025-12-25,IQ,0
2025-12-26,IQ,0
2025-12-27,IQ,0
2025-12-28,IQ,0
2025-12-29,IQ,0
2025-12-30,IQ,0
2025-12-31,IQ,0
2026-01-01,IQ,0
2026-01-02,IQ,0
2026-01-03,IQ,0
2026-01-04,IQ,0
2026-01-05,IQ,0
2026-01-06,IQ,0
2026-01-07,IQ,0
2026-01-08,IQ,0
2026-01-09,IQ,0
2026-01-10,IQ,0
2026-01-11,IQ,0
2026-01-12,IQ,0
2026-01-13,IQ,0
2026-01-14,IQ,0
2026-01-15,IQ,0
2026-01-16,IQ,0
2026-01-17,IQ,0
2026-01-18,IQ,0
2026-01-19,IQ,0
2026-01-20,IQ,0
2026-01-21,IQ,0
2026-01-22,IQ,0
2026-01-23,IQ,0
2026-01-24,IQ,0
2026-01-25,IQ,0
2026-01-26,IQ,0
2026-01-27,IQ,0
2026-01-28,IQ,0
2026-01-29,IQ,0
2026-01-30,IQ,0
2026-01-31,IQ,0
2026-02-01,IQ,0
2026-02-02,IQ,0
2026-02-03,IQ,0
2026-02-04,IQ,0
2026-02-05,IQ,0
2026-02-06,IQ,0
2026-02-07,IQ,0
2026-02-08,IQ,0
2026-02-09,IQ,0
2026-02-10,IQ,0
2026-02-11,IQ,0
2026-02-12,IQ,0
2026-02-13,IQ,0
2026-02-14,IQ,0
2026-02-15,IQ,0
2026-02-16,IQ,0
2026-02-17,IQ,0
2026-02-18,IQ,0
2026-02-19,IQ,0
2026-02-20,IQ,31
2026-02-21,IQ,154
2026-02-22,IQ,43
2026-02-23,IQ,0
2026-02-24,IQ,0
2026-02-25,IQ,37
2026-02-26,IQ,210
2026-02-27,IQ,31
2026-02-28,IQ,0
2026-03-01,IQ,0
2025-12-02,IR,0
2025-12-03,IR,0
2025-12-04,IR,0
2025-12-05,IR,0
2025-12-06,IR,0
2025-12-07,IR,0
2025-12-08,IR,0
2025-12-09,IR,0
2025-12-10,IR,0
2025-12-11,IR,0
2025-12-12,IR,0
2025-12-13,IR,0
2025-12-14,IR,0
2025-12-15,IR,0
2025-12-16,IR,0
2025-12-17,IR,0
2025-12-18,IR,0
2025-12-19,IR,0
2025-12-20,IR,0
2025-12-21,IR,0
2025-12-22,IR,0
2025-12-23,IR,0
2025-12-24,IR,0
2025-12-25,IR,0
2025-12-26,IR,0
2025-12-27,IR,0
2025-12-28,IR,0
2025-12-29,IR,0
2025-12-30,IR,0
2025-12-31,IR,0
2026-01-01,IR,0
2026-01-02,IR,0
2026-01-03,IR,0
2026-01-04,IR,0
2026-01-05,IR,0
2026-01-06,IR,0
2026-01-07,IR,0
2026-01-08,IR,0
2026-01-09,IR,0
2026-01-10,IR,0
2026-01-11,IR,0
2026-01-12,IR,0
2026-01-13,IR,0
2026-01-14,IR,0
2026-01-15,IR,0
2026-01-16,IR,0
2026-01-17,IR,0
2026-01-18,IR,0
2026-01-19,IR,0
2026-01-20,IR,0
2026-01-21,IR,0
2026-01-22,IR,0
2026-01-23,IR,0
2026-01-24,IR,0
2026-01-25,IR,0
2026-01-26,IR,0
2026-01-27,IR,0
2026-01-28,IR,0
2026-01-29,IR,0
2026-01-30,IR,0
2026-01-31,IR,0
2026-02-01,IR,0
2026-02-02,IR,0
2026-02-03,IR,0
2026-02-04,IR,0
2026-02-05,IR,0
2026-02-06,IR,0
2026-02-07,IR,0
2026-02-08,IR,0
2026-02-09,IR,0
2026-02-10,IR,0
2026-02-11,IR,0
2026-02-12,IR,0
2026-02-13,IR,0
2026-02-14,IR,0
2026-02-15,IR,0
2026-02-16,IR,0
2026-02-17,IR,0
2026-02-18,IR,0
2026-02-19,IR,0
2026-02-20,IR,0
2026-02-21,IR,0
2026-02-22,IR,0
2026-02-23,IR,0
2026-02-24,IR,0
2026-02-25,IR,0
2026-02-26,IR,35
2026-02-27,IR,0
2026-02-28,IR,0
2026-03-01,IR,0
2025-12-02,IT,0
2025-12-03,IT,0
2025-12-04,IT,0
2025-12-05,IT,0
2025-12-06,IT,0
2025-12-07,IT,0
2025-12-08,IT,0
2025-12-09,IT,0
2025-12-10,IT,0
2025-12-11,IT,0
2025-12-12,IT,0
2025-12-13,IT,0
2025-12-14,IT,0
2025-12-15,IT,0
2025-12-16,IT,0
2025-12-17,IT,0
2025-12-18,IT,0
2025-12-19,IT,0
2025-12-20,IT,0
2025-12-21,IT,0
2025-12-22,IT,0
2025-12-23,IT,0
2025-12-24,IT,0
2025-12-25,IT,0
2025-12-26,IT,0
2025-12-27,IT,0
2025-12-28,IT,0
2025-12-29,IT,0
2025-12-30,IT,0
2025-12-31,IT,0
2026-01-01,IT,0
2026-01-02,IT,0
2026-01-03,IT,0
2026-01-04,IT,0
2026-01-05,IT,0
2026-01-06,IT,0
2026-01-07,IT,0
2026-01-08,IT,0
2026-01-09,IT,0
2026-01-10,IT,0
2026-01-11,IT,0
2026-01-12,IT,0
2026-01-13,IT,0
2026-01-14,IT,0
2026-01-15,IT,0
2026-01-16,IT,0
2026-01-17,IT,0
2026-01-18,IT,0
2026-01-19,IT,0
2026-01-20,IT,0
2026-01-21,IT,0
2026-01-22,IT,0
2026-01-23,IT,0
2026-01-24,IT,0
2026-01-25,IT,0
2026-01-26,IT,0
2026-01-27,IT,0
2026-01-28,IT,0
2026-01-29,IT,0
2026-01-30,IT,0
2026-01-31,IT,0
2026-02-01,IT,0
2026-02-02,IT,0
2026-02-03,IT,0
2026-02-04,IT,0
2026-02-05,IT,0
2026-02-06,IT,0
2026-02-07,IT,0
2026-02-08,IT,0
2026-02-09,IT,0
2026-02-10,IT,0
2026-02-11,IT,0
2026-02-12,IT,0
2026-02-13,IT,0
2026-02-14,IT,0
2026-02-15,IT,0
2026-02-16,IT,0
2026-02-17,IT,0
2026-02-18,IT,0
2026-02-19,IT,0
2026-02-20,IT,0
2026-02-21,IT,236
2026-02-22,IT,0
2026-02-23,IT,0
2026-02-24,IT,0
2026-02-25,IT,0
2026-02-26,IT,0
2026-02-27,IT,0
2026-02-28,IT,0
2026-03-01,IT,0
2025-12-02,JP,0
2025-12-03,JP,0
2025-12-04,JP,0
2025-12-05,JP,0
2025-12-06,JP,0
2025-12-07,JP,0
2025-12-08,JP,0
2025-12-09,JP,0
2025-12-10,JP,0
2025-12-11,JP,0
2025-12-12,JP,0
2025-12-13,JP,0
2025-12-14,JP,0
2025-12-15,JP,0
2025-12-16,JP,0
2025-12-17,JP,0
2025-12-18,JP,0
2025-12-19,JP,0
2025-12-20,JP,0
2025-12-21,JP,0
2025-12-22,JP,0
2025-12-23,JP,0
2025-12-24,JP,0
2025-12-25,JP,0
2025-12-26,JP,0
2025-12-27,JP,0
2025-12-28,JP,0
2025-12-29,JP,0
2025-12-30,JP,0
2025-12-31,JP,0
2026-01-01,JP,0
2026-01-02,JP,0
2026-01-03,JP,0
2026-01-04,JP,0
2026-01-05,JP,0
2026-01-06,JP,0
2026-01-07,JP,0
2026-01-08,JP,0
2026-01-09,JP,0
2026-01-10,JP,0
2026-01-11,JP,0
2026-01-12,JP,0
2026-01-13,JP,0
2026-01-14,JP,0
2026-01-15,JP,0
2026-01-16,JP,0
2026-01-17,JP,0
2026-01-18,JP,0
2026-01-19,JP,0
2026-01-20,JP,0
2026-01-21,JP,0
2026-01-22,JP,0
2026-01-23,JP,0
2026-01-24,JP,0
2026-01-25,JP,0
2026-01-26,JP,0
2026-01-27,JP,0
2026-01-28,JP,0
2026-01-29,JP,0
2026-01-30,JP,0
2026-01-31,JP,0
2026-02-01,JP,0
2026-02-02,JP,0
2026-02-03,JP,0
2026-02-04,JP,0
2026-02-05,JP,0
2026-02-06,JP,0
2026-02-07,JP,0
2026-02-08,JP,0
2026-02-09,JP,0
2026-02-10,JP,0
2026-02-11,JP,0
2026-02-12,JP,0
2026-02-13,JP,0
2026-02-14,JP,0
2026-02-15,JP,115
2026-02-16,JP,299
2026-02-17,JP,125
2026-02-18,JP,93
2026-02-19,JP,0
2026-02-20,JP,422
2026-02-21,JP,474
2026-02-22,JP,24
2026-02-23,JP,0
2026-02-24,JP,246
2026-02-25,JP,114
2026-02-26,JP,82
2026-02-27,JP,0
2026-02-28,JP,0
2026-03-01,JP,0
2025-12-02,KH,0
2025-12-03,KH,0
2025-12-04,KH,0
2025-12-05,KH,0
2025-12-06,KH,0
2025-12-07,KH,0
2025-12-08,KH,0
2025-12-09,KH,0
2025-12-10,KH,0
2025-12-11,KH,0
2025-12-12,KH,0
2025-12-13,KH,0
2025-12-14,KH,0
2025-12-15,KH,0
2025-12-16,KH,0
2025-12-17,KH,0
2025-12-18,KH,0
2025-12-19,KH,0
2025-12-20,KH,0
2025-12-21,KH,0
2025-12-22,KH,0
2025-12-23,KH,0
2025-12-24,KH,0
2025-12-25,KH,0
2025-12-26,KH,0
2025-12-27,KH,0
2025-12-28,KH,0
2025-12-29,KH,0
2025-12-30,KH,0
2025-12-31,KH,0
2026-01-01,KH,0
2026-01-02,KH,0
2026-01-03,KH,0
2026-01-04,KH,0
2026-01-05,KH,0
2026-01-06,KH,0
2026-01-07,KH,0
2026-01-08,KH,0
2026-01-09,KH,0
2026-01-10,KH,0
2026-01-11,KH,0
2026-01-12,KH,0
2026-01-13,KH,0
2026-01-14,KH,0
2026-01-15,KH,0
2026-01-16,KH,0
2026-01-17,KH,0
2026-01-18,KH,0
2026-01-19,KH,0
2026-01-20,KH,0
2026-01-21,KH,0
2026-01-22,KH,0
2026-01-23,KH,0
2026-01-24,KH,0
2026-01-25,KH,0
2026-01-26,KH,0
2026-01-27,KH,0
2026-01-28,KH,0
2026-01-29,KH,0
2026-01-30,KH,0
2026-01-31,KH,0
2026-02-01,KH,0
2026-02-02,KH,0
2026-02-03,KH,0
2026-02-04,KH,0
2026-02-05,KH,0
2026-02-06,KH,0
2026-02-07,KH,0
2026-02-08,KH,0
2026-02-09,KH,0
2026-02-10,KH,0
2026-02-11,KH,0
2026-02-12,KH,0
2026-02-13,KH,0
2026-02-14,KH,0
2026-02-15,KH,0
2026-02-16,KH,0
2026-02-17,KH,0
2026-02-18,KH,0
2026-02-19,KH,0
2026-02-20,KH,30
2026-02-21,KH,126
2026-02-22,KH,131
2026-02-23,KH,0
2026-02-24,KH,0
2026-02-25,KH,67
2026-02-26,KH,196
2026-02-27,KH,0
2026-02-28,KH,0
2026-03-01,KH,0
2025-12-02,KR,0
2025-12-03,KR,0
2025-12-04,KR,0
2025-12-05,KR,0
2025-12-06,KR,0
2025-12-07,KR,0
2025-12-08,KR,0
2025-12-09,KR,0
2025-12-10,KR,0
2025-12-11,KR,0
2025-12-12,KR,0
2025-12-13,KR,0
2025-12-14,KR,0
2025-12-15,KR,0
2025-12-16,KR,0
2025-12-17,KR,0
2025-12-18,KR,0
2025-12-19,KR,0
2025-12-20,KR,0
2025-12-21,KR,0
2025-12-22,KR,0
2025-12-23,KR,0
2025-12-24,KR,0
2025-12-25,KR,0
2025-12-26,KR,0
2025-12-27,KR,0
2025-12-28,KR,0
2025-12-29,KR,0
2025-12-30,KR,0
2025-12-31,KR,0
2026-01-01,KR,0
2026-01-02,KR,0
2026-01-03,KR,0
2026-01-04,KR,0
2026-01-05,KR,0
2026-01-06,KR,0
2026-01-07,KR,0
2026-01-08,KR,0
2026-01-09,KR,0
2026-01-10,KR,0
2026-01-11,KR,0
2026-01-12,KR,0
2026-01-13,KR,0
2026-01-14,KR,0
2026-01-15,KR,0
2026-01-16,KR,0
2026-01-17,KR,0
2026-01-18,KR,0
2026-01-19,KR,0
2026-01-20,KR,0
2026-01-21,KR,0
2026-01-22,KR,0
2026-01-23,KR,0
2026-01-24,KR,0
2026-01-25,KR,0
2026-01-26,KR,0
2026-01-27,KR,0
2026-01-28,KR,0
2026-01-29,KR,0
2026-01-30,KR,0
2026-01-31,KR,0
2026-02-01,KR,0
2026-02-02,KR,0
2026-02-03,KR,0
2026-02-04,KR,0
2026-02-05,KR,0
2026-02-06,KR,0
2026-02-07,KR,0
2026-02-08,KR,0
2026-02-09,KR,0
2026-02-10,KR,0
2026-02-11,KR,0
2026-02-12,KR,0
2026-02-13,KR,0
2026-02-14,KR,0
2026-02-15,KR,47
2026-02-16,KR,59
2026-02-17,KR,0
2026-02-18,KR,0
2026-02-19,KR,0
2026-02-20,KR,0
2026-02-21,KR,90
2026-02-22,KR,0
2026-02-23,KR,0
2026-02-24,KR,0
2026-02-25,KR,0
2026-02-26,KR,0
2026-02-27,KR,0
2026-02-28,KR,0
2026-03-01,KR,0
2025-12-02,KZ,0
2025-12-03,KZ,0
2025-12-04,KZ,0
2025-12-05,KZ,0
2025-12-06,KZ,0
2025-12-07,KZ,0
2025-12-08,KZ,0
2025-12-09,KZ,0
2025-12-10,KZ,0
2025-12-11,KZ,0
2025-12-12,KZ,0
2025-12-13,KZ,0
2025-12-14,KZ,0
2025-12-15,KZ,0
2025-12-16,KZ,0
2025-12-17,KZ,0
2025-12-18,KZ,0
2025-12-19,KZ,0
2025-12-20,KZ,0
2025-12-21,KZ,0
2025-12-22,KZ,0
2025-12-23,KZ,0
2025-12-24,KZ,0
2025-12-25,KZ,0
2025-12-26,KZ,0
2025-12-27,KZ,0
2025-12-28,KZ,0
2025-12-29,KZ,0
2025-12-30,KZ,0
2025-12-31,KZ,0
2026-01-01,KZ,0
2026-01-02,KZ,0
2026-01-03,KZ,0
2026-01-04,KZ,0
2026-01-05,KZ,0
2026-01-06,KZ,0
2026-01-07,KZ,0
2026-01-08,KZ,0
2026-01-09,KZ,0
2026-01-10,KZ,0
2026-01-11,KZ,0
2026-01-12,KZ,0
2026-01-13,KZ,0
2026-01-14,KZ,0
2026-01-15,KZ,0
2026-01-16,KZ,0
2026-01-17,KZ,0
2026-01-18,KZ,0
2026-01-19,KZ,0
2026-01-20,KZ,0
2026-01-21,KZ,0
2026-01-22,KZ,0
2026-01-23,KZ,0
2026-01-24,KZ,0
2026-01-25,KZ,0
2026-01-26,KZ,0
2026-01-27,KZ,0
2026-01-28,KZ,0
2026-01-29,KZ,0
2026-01-30,KZ,0
2026-01-31,KZ,0
2026-02-01,KZ,0
2026-02-02,KZ,0
2026-02-03,KZ,0
2026-02-04,KZ,0
2026-02-05,KZ,0
2026-02-06,KZ,0
2026-02-07,KZ,0
2026-02-08,KZ,0
2026-02-09,KZ,0
2026-02-10,KZ,0
2026-02-11,KZ,0
2026-02-12,KZ,0
2026-02-13,KZ,0
2026-02-14,KZ,0
2026-02-15,KZ,0
2026-02-16,KZ,0
2026-02-17,KZ,0
2026-02-18,KZ,0
2026-02-19,KZ,0
2026-02-20,KZ,0
2026-02-21,KZ,32
2026-02-22,KZ,0
2026-02-23,KZ,0
2026-02-24,KZ,0
2026-02-25,KZ,0
2026-02-26,KZ,0
2026-02-27,KZ,0
2026-02-28,KZ,0
2026-03-01,KZ,0
2025-12-02,LB,0
2025-12-03,LB,0
2025-12-04,LB,0
2025-12-05,LB,0
2025-12-06,LB,0
2025-12-07,LB,0
2025-12-08,LB,0
2025-12-09,LB,0
2025-12-10,LB,0
2025-12-11,LB,0
2025-12-12,LB,0
2025-12-13,LB,0
2025-12-14,LB,0
2025-12-15,LB,0
2025-12-16,LB,0
2025-12-17,LB,0
2025-12-18,LB,0
2025-12-19,LB,0
2025-12-20,LB,0
2025-12-21,LB,0
2025-12-22,LB,0
2025-12-23,LB,0
2025-12-24,LB,0
2025-12-25,LB,0
2025-12-26,LB,0
2025-12-27,LB,0
2025-12-28,LB,0
2025-12-29,LB,0
2025-12-30,LB,0
2025-12-31,LB,0
2026-01-01,LB,0
2026-01-02,LB,0
2026-01-03,LB,0
2026-01-04,LB,0
2026-01-05,LB,0
2026-01-06,LB,0
2026-01-07,LB,0
2026-01-08,LB,0
2026-01-09,LB,0
2026-01-10,LB,0
2026-01-11,LB,0
2026-01-12,LB,0
2026-01-13,LB,0
2026-01-14,LB,0
2026-01-15,LB,0
2026-01-16,LB,0
2026-01-17,LB,0
2026-01-18,LB,0
2026-01-19,LB,0
2026-01-20,LB,0
2026-01-21,LB,0
2026-01-22,LB,0
2026-01-23,LB,0
2026-01-24,LB,0
2026-01-25,LB,0
2026-01-26,LB,0
2026-01-27,LB,0
2026-01-28,LB,0
2026-01-29,LB,0
2026-01-30,LB,0
2026-01-31,LB,0
2026-02-01,LB,0
2026-02-02,LB,0
2026-02-03,LB,0
2026-02-04,LB,0
2026-02-05,LB,0
2026-02-06,LB,0
2026-02-07,LB,0
2026-02-08,LB,0
2026-02-09,LB,0
2026-02-10,LB,0
2026-02-11,LB,0
2026-02-12,LB,0
2026-02-13,LB,0
2026-02-14,LB,0
2026-02-15,LB,0
2026-02-16,LB,0
2026-02-17,LB,0
2026-02-18,LB,0
2026-02-19,LB,0
2026-02-20,LB,0
2026-02-21,LB,0
2026-02-22,LB,0
2026-02-23,LB,0
2026-02-24,LB,0
2026-02-25,LB,0
2026-02-26,LB,0
2026-02-27,LB,0
2026-02-28,LB,0
2026-03-01,LB,0
2025-12-02,MM,0
2025-12-03,MM,0
2025-12-04,MM,0
2025-12-05,MM,0
2025-12-06,MM,0
2025-12-07,MM,0
2025-12-08,MM,0
2025-12-09,MM,0
2025-12-10,MM,0
2025-12-11,MM,0
2025-12-12,MM,0
2025-12-13,MM,0
2025-12-14,MM,0
2025-12-15,MM,0
2025-12-16,MM,0
2025-12-17,MM,0
2025-12-18,MM,0
2025-12-19,MM,0
2025-12-20,MM,0
2025-12-21,MM,0
2025-12-22,MM,0
2025-12-23,MM,0
2025-12-24,MM,0
2025-12-25,MM,0
2025-12-26,MM,0
2025-12-27,MM,0
2025-12-28,MM,0
2025-12-29,MM,0
2025-12-30,MM,0
2025-12-31,MM,0
2026-01-01,MM,0
2026-01-02,MM,0
2026-01-03,MM,0
2026-01-04,MM,0
2026-01-05,MM,0
2026-01-06,MM,0
2026-01-07,MM,0
2026-01-08,MM,0
2026-01-09,MM,0
2026-01-10,MM,0
2026-01-11,MM,0
2026-01-12,MM,0
2026-01-13,MM,0
2026-01-14,MM,0
2026-01-15,MM,0
2026-01-16,MM,0
2026-01-17,MM,0
2026-01-18,MM,0
2026-01-19,MM,0
2026-01-20,MM,0
2026-01-21,MM,0
2026-01-22,MM,0
2026-01-23,MM,0
2026-01-24,MM,0
2026-01-25,MM,0
2026-01-26,MM,0
2026-01-27,MM,0
2026-01-28,MM,0
2026-01-29,MM,0
2026-01-30,MM,0
2026-01-31,MM,0
2026-02-01,MM,0
2026-02-02,MM,0
2026-02-03,MM,0
2026-02-04,MM,0
2026-02-05,MM,0
2026-02-06,MM,0
2026-02-07,MM,0
2026-02-08,MM,0
2026-02-09,MM,0
2026-02-10,MM,0
2026-02-11,MM,0
2026-02-12,MM,0
2026-02-13,MM,0
2026-02-14,MM,0
2026-02-15,MM,28
2026-02-16,MM,0
2026-02-17,MM,0
2026-02-18,MM,0
2026-02-19,MM,0
2026-02-20,MM,109
2026-02-21,MM,279
2026-02-22,MM,200
2026-02-23,MM,50
2026-02-24,MM,0
2026-02-25,MM,29
2026-02-26,MM,264
2026-02-27,MM,25
2026-02-28,MM,0
2026-03-01,MM,0
2025-12-02,MN,0
2025-12-03,MN,0
2025-12-04,MN,0
2025-12-05,MN,0
2025-12-06,MN,0
2025-12-07,MN,0
2025-12-08,MN,0
2025-12-09,MN,0
2025-12-10,MN,0
2025-12-11,MN,0
2025-12-12,MN,0
2025-12-13,MN,0
2025-12-14,MN,0
2025-12-15,MN,0
2025-12-16,MN,0
2025-12-17,MN,0
2025-12-18,MN,0
2025-12-19,MN,0
2025-12-20,MN,0
2025-12-21,MN,0
2025-12-22,MN,0
2025-12-23,MN,0
2025-12-24,MN,0
2025-12-25,MN,0
2025-12-26,MN,0
2025-12-27,MN,0
2025-12-28,MN,0
2025-12-29,MN,0
2025-12-30,MN,0
2025-12-31,MN,0
2026-01-01,MN,0
2026-01-02,MN,0
2026-01-03,MN,0
2026-01-04,MN,0
2026-01-05,MN,0
2026-01-06,MN,0
2026-01-07,MN,0
2026-01-08,MN,0
2026-01-09,MN,0
2026-01-10,MN,0
2026-01-11,MN,0
2026-01-12,MN,0
2026-01-13,MN,0
2026-01-14,MN,0
2026-01-15,MN,0
2026-01-16,MN,0
2026-01-17,MN,0
2026-01-18,MN,0
2026-01-19,MN,0
2026-01-20,MN,0
2026-01-21,MN,0
2026-01-22,MN,0
2026-01-23,MN,0
2026-01-24,MN,0
2026-01-25,MN,0
2026-01-26,MN,0
2026-01-27,MN,0
2026-01-28,MN,0
2026-01-29,MN,0
2026-01-30,MN,0
2026-01-31,MN,0
2026-02-01,MN,0
2026-02-02,MN,0
2026-02-03,MN,0
2026-02-04,MN,0
2026-02-05,MN,0
2026-02-06,MN,0
2026-02-07,MN,0
2026-02-08,MN,0
2026-02-09,MN,0
2026-02-10,MN,0
2026-02-11,MN,0
2026-02-12,MN,0
2026-02-13,MN,0
2026-02-14,MN,0
2026-02-15,MN,0
2026-02-16,MN,0
2026-02-17,MN,0
2026-02-18,MN,0
2026-02-19,MN,0
2026-02-20,MN,0
2026-02-21,MN,0
2026-02-22,MN,0
2026-02-23,MN,0
2026-02-24,MN,0
2026-02-25,MN,0
2026-02-26,MN,0
2026-02-27,MN,0
2026-02-28,MN,0
2026-03-01,MN,0
2025-12-02,MX,0
2025-12-03,MX,0
2025-12-04,MX,0
2025-12-05,MX,0
2025-12-06,MX,0
2025-12-07,MX,0
2025-12-08,MX,0
2025-12-09,MX,0
2025-12-10,MX,0
2025-12-11,MX,0
2025-12-12,MX,0
2025-12-13,MX,0
2025-12-14,MX,0
2025-12-15,MX,0
2025-12-16,MX,0
2025-12-17,MX,0
2025-12-18,MX,0
2025-12-19,MX,0
2025-12-20,MX,0
2025-12-21,MX,0
2025-12-22,MX,0
2025-12-23,MX,0
2025-12-24,MX,0
2025-12-25,MX,0
2025-12-26,MX,0
2025-12-27,MX,0
2025-12-28,MX,0
2025-12-29,MX,0
2025-12-30,MX,0
2025-12-31,MX,0
2026-01-01,MX,0
2026-01-02,MX,0
2026-01-03,MX,0
2026-01-04,MX,0
2026-01-05,MX,0
2026-01-06,MX,0
2026-01-07,MX,0
2026-01-08,MX,0
2026-01-09,MX,0
2026-01-10,MX,0
2026-01-11,MX,0
2026-01-12,MX,0
2026-01-13,MX,0
2026-01-14,MX,0
2026-01-15,MX,0
2026-01-16,MX,0
2026-01-17,MX,0
2026-01-18,MX,0
2026-01-19,MX,0
2026-01-20,MX,0
2026-01-21,MX,0
2026-01-22,MX,0
2026-01-23,MX,0
2026-01-24,MX,0
2026-01-25,MX,0
2026-01-26,MX,0
2026-01-27,MX,0
2026-01-28,MX,0
2026-01-29,MX,0
2026-01-30,MX,0
2026-01-31,MX,0
2026-02-01,MX,0
2026-02-02,MX,0
2026-02-03,MX,0
2026-02-04,MX,0
2026-02-05,MX,0
2026-02-06,MX,0
2026-02-07,MX,0
2026-02-08,MX,0
2026-02-09,MX,0
2026-02-10,MX,0
2026-02-11,MX,0
2026-02-12,MX,0
2026-02-13,MX,0
2026-02-14,MX,0
2026-02-15,MX,0
2026-02-16,MX,0
2026-02-17,MX,0
2026-02-18,MX,0
2026-02-19,MX,0
2026-02-20,MX,0
2026-02-21,MX,86
2026-02-22,MX,0
2026-02-23,MX,0
2026-02-24,MX,0
2026-02-25,MX,0
2026-02-26,MX,76
2026-02-27,MX,0
2026-02-28,MX,0
2026-03-01,MX,0
2025-12-02,MY,0
2025-12-03,MY,0
2025-12-04,MY,0
2025-12-05,MY,0
2025-12-06,MY,0
2025-12-07,MY,0
2025-12-08,MY,0
2025-12-09,MY,0
2025-12-10,MY,0
2025-12-11,MY,0
2025-12-12,MY,0
2025-12-13,MY,0
2025-12-14,MY,0
2025-12-15,MY,0
2025-12-16,MY,0
2025-12-17,MY,0
2025-12-18,MY,0
2025-12-19,MY,0
2025-12-20,MY,0
2025-12-21,MY,0
2025-12-22,MY,0
2025-12-23,MY,0
2025-12-24,MY,0
2025-12-25,MY,0
2025-12-26,MY,0
2025-12-27,MY,0
2025-12-28,MY,0
2025-12-29,MY,0
2025-12-30,MY,0
2025-12-31,MY,0
2026-01-01,MY,0
2026-01-02,MY,0
2026-01-03,MY,0
2026-01-04,MY,0
2026-01-05,MY,0
2026-01-06,MY,0
2026-01-07,MY,0
2026-01-08,MY,0
2026-01-09,MY,0
2026-01-10,MY,0
2026-01-11,MY,0
2026-01-12,MY,0
2026-01-13,MY,0
2026-01-14,MY,0
2026-01-15,MY,0
2026-01-16,MY,0
2026-01-17,MY,0
2026-01-18,MY,0
2026-01-19,MY,0
2026-01-20,MY,0
2026-01-21,MY,0
2026-01-22,MY,0
2026-01-23,MY,0
2026-01-24,MY,0
2026-01-25,MY,0
2026-01-26,MY,0
2026-01-27,MY,0
2026-01-28,MY,0
2026-01-29,MY,0
2026-01-30,MY,0
2026-01-31,MY,0
2026-02-01,MY,0
2026-02-02,MY,0
2026-02-03,MY,0
2026-02-04,MY,0
2026-02-05,MY,0
2026-02-06,MY,0
2026-02-07,MY,0
2026-02-08,MY,0
2026-02-09,MY,0
2026-02-10,MY,0
2026-02-11,MY,0
2026-02-12,MY,0
2026-02-13,MY,0
2026-02-14,MY,0
2026-02-15,MY,0
2026-02-16,MY,0
2026-02-17,MY,0
2026-02-18,MY,0
2026-02-19,MY,0
2026-02-20,MY,192
2026-02-21,MY,687
2026-02-22,MY,185
2026-02-23,MY,60
2026-02-24,MY,55
2026-02-25,MY,70
2026-02-26,MY,121
2026-02-27,MY,69
2026-02-28,MY,0
2026-03-01,MY,0
2025-12-02,NL,0
2025-12-03,NL,0
2025-12-04,NL,0
2025-12-05,NL,0
2025-12-06,NL,0
2025-12-07,NL,0
2025-12-08,NL,0
2025-12-09,NL,0
2025-12-10,NL,0
2025-12-11,NL,0
2025-12-12,NL,0
2025-12-13,NL,0
2025-12-14,NL,0
2025-12-15,NL,0
2025-12-16,NL,0
2025-12-17,NL,0
2025-12-18,NL,0
2025-12-19,NL,0
2025-12-20,NL,0
2025-12-21,NL,0
2025-12-22,NL,0
2025-12-23,NL,0
2025-12-24,NL,0
2025-12-25,NL,0
2025-12-26,NL,0
2025-12-27,NL,0
2025-12-28,NL,0
2025-12-29,NL,0
2025-12-30,NL,0
2025-12-31,NL,0
2026-01-01,NL,0
2026-01-02,NL,0
2026-01-03,NL,0
2026-01-04,NL,0
2026-01-05,NL,0
2026-01-06,NL,0
2026-01-07,NL,0
2026-01-08,NL,0
2026-01-09,NL,0
2026-01-10,NL,0
2026-01-11,NL,0
2026-01-12,NL,0
2026-01-13,NL,0
2026-01-14,NL,0
2026-01-15,NL,0
2026-01-16,NL,0
2026-01-17,NL,0
2026-01-18,NL,0
2026-01-19,NL,0
2026-01-20,NL,0
2026-01-21,NL,0
2026-01-22,NL,0
2026-01-23,NL,0
2026-01-24,NL,0
2026-01-25,NL,0
2026-01-26,NL,0
2026-01-27,NL,0
2026-01-28,NL,0
2026-01-29,NL,0
2026-01-30,NL,0
2026-01-31,NL,0
2026-02-01,NL,0
2026-02-02,NL,0
2026-02-03,NL,0
2026-02-04,NL,0
2026-02-05,NL,0
2026-02-06,NL,0
2026-02-07,NL,0
2026-02-08,NL,0
2026-02-09,NL,0
2026-02-10,NL,0
2026-02-11,NL,0
2026-02-12,NL,0
2026-02-13,NL,0
2026-02-14,NL,0
2026-02-15,NL,0
2026-02-16,NL,0
2026-02-17,NL,0
2026-02-18,NL,0
2026-02-19,NL,0
2026-02-20,NL,0
2026-02-21,NL,22
2026-02-22,NL,0
2026-02-23,NL,0
2026-02-24,NL,0
2026-02-25,NL,0
2026-02-26,NL,0
2026-02-27,NL,0
2026-02-28,NL,0
2026-03-01,NL,0
2025-12-02,PH,0
2025-12-03,PH,0
2025-12-04,PH,0
2025-12-05,PH,0
2025-12-06,PH,0
2025-12-07,PH,0
2025-12-08,PH,0
2025-12-09,PH,0
2025-12-10,PH,0
2025-12-11,PH,0
2025-12-12,PH,0
2025-12-13,PH,0
2025-12-14,PH,0
2025-12-15,PH,0
2025-12-16,PH,0
2025-12-17,PH,0
2025-12-18,PH,0
2025-12-19,PH,0
2025-12-20,PH,0
2025-12-21,PH,0
2025-12-22,PH,0
2025-12-23,PH,0
2025-12-24,PH,0
2025-12-25,PH,0
2025-12-26,PH,0
2025-12-27,PH,0
2025-12-28,PH,0
2025-12-29,PH,0
2025-12-30,PH,0
2025-12-31,PH,0
2026-01-01,PH,0
2026-01-02,PH,0
2026-01-03,PH,0
2026-01-04,PH,0
2026-01-05,PH,0
2026-01-06,PH,0
2026-01-07,PH,0
2026-01-08,PH,0
2026-01-09,PH,0
2026-01-10,PH,0
2026-01-11,PH,0
2026-01-12,PH,0
2026-01-13,PH,0
2026-01-14,PH,0
2026-01-15,PH,0
2026-01-16,PH,0
2026-01-17,PH,0
2026-01-18,PH,0
2026-01-19,PH,0
2026-01-20,PH,0
2026-01-21,PH,0
2026-01-22,PH,0
2026-01-23,PH,0
2026-01-24,PH,0
2026-01-25,PH,0
2026-01-26,PH,0
2026-01-27,PH,0
2026-01-28,PH,0
2026-01-29,PH,0
2026-01-30,PH,0
2026-01-31,PH,0
2026-02-01,PH,0
2026-02-02,PH,0
2026-02-03,PH,0
2026-02-04,PH,0
2026-02-05,PH,0
2026-02-06,PH,0
2026-02-07,PH,0
2026-02-08,PH,0
2026-02-09,PH,0
2026-02-10,PH,0
2026-02-11,PH,0
2026-02-12,PH,0
2026-02-13,PH,0
2026-02-14,PH,0
2026-02-15,PH,55
2026-02-16,PH,56
2026-02-17,PH,0
2026-02-18,PH,0
2026-02-19,PH,0
2026-02-20,PH,0
2026-02-21,PH,143
2026-02-22,PH,0
2026-02-23,PH,0
2026-02-24,PH,0
2026-02-25,PH,66
2026-02-26,PH,132
2026-02-27,PH,0
2026-02-28,PH,0
2026-03-01,PH,0
2025-12-02,PK,0
2025-12-03,PK,0
2025-12-04,PK,0
2025-12-05,PK,0
2025-12-06,PK,0
2025-12-07,PK,0
2025-12-08,PK,0
2025-12-09,PK,0
2025-12-10,PK,0
2025-12-11,PK,0
2025-12-12,PK,0
2025-12-13,PK,0
2025-12-14,PK,0
2025-12-15,PK,0
2025-12-16,PK,0
2025-12-17,PK,0
2025-12-18,PK,0
2025-12-19,PK,0
2025-12-20,PK,0
2025-12-21,PK,0
2025-12-22,PK,0
2025-12-23,PK,0
2025-12-24,PK,0
2025-12-25,PK,0
2025-12-26,PK,0
2025-12-27,PK,0
2025-12-28,PK,0
2025-12-29,PK,0
2025-12-30,PK,0
2025-12-31,PK,0
2026-01-01,PK,0
2026-01-02,PK,0
2026-01-03,PK,0
2026-01-04,PK,0
2026-01-05,PK,0
2026-01-06,PK,0
2026-01-07,PK,0
2026-01-08,PK,0
2026-01-09,PK,0
2026-01-10,PK,0
2026-01-11,PK,0
2026-01-12,PK,0
2026-01-13,PK,0
2026-01-14,PK,0
2026-01-15,PK,0
2026-01-16,PK,0
2026-01-17,PK,0
2026-01-18,PK,0
2026-01-19,PK,0
2026-01-20,PK,0
2026-01-21,PK,0
2026-01-22,PK,0
2026-01-23,PK,0
2026-01-24,PK,0
2026-01-25,PK,0
2026-01-26,PK,0
2026-01-27,PK,0
2026-01-28,PK,0
2026-01-29,PK,0
2026-01-30,PK,0
2026-01-31,PK,0
2026-02-01,PK,0
2026-02-02,PK,0
2026-02-03,PK,0
2026-02-04,PK,0
2026-02-05,PK,0
2026-02-06,PK,0
2026-02-07,PK,0
2026-02-08,PK,0
2026-02-09,PK,0
2026-02-10,PK,0
2026-02-11,PK,0
2026-02-12,PK,0
2026-02-13,PK,0
2026-02-14,PK,0
2026-02-15,PK,0
2026-02-16,PK,0
2026-02-17,PK,0
2026-02-18,PK,0
2026-02-19,PK,0
2026-02-20,PK,0
2026-02-21,PK,0
2026-02-22,PK,0
2026-02-23,PK,0
2026-02-24,PK,0
2026-02-25,PK,0
2026-02-26,PK,55
2026-02-27,PK,0
2026-02-28,PK,0
2026-03-01,PK,0
2025-12-02,PL,0
2025-12-03,PL,0
2025-12-04,PL,0
2025-12-05,PL,0
2025-12-06,PL,0
2025-12-07,PL,0
2025-12-08,PL,0
2025-12-09,PL,0
2025-12-10,PL,0
2025-12-11,PL,0
2025-12-12,PL,0
2025-12-13,PL,0
2025-12-14,PL,0
2025-12-15,PL,0
2025-12-16,PL,0
2025-12-17,PL,0
2025-12-18,PL,0
2025-12-19,PL,0
2025-12-20,PL,0
2025-12-21,PL,0
2025-12-22,PL,0
2025-12-23,PL,0
2025-12-24,PL,0
2025-12-25,PL,0
2025-12-26,PL,0
2025-12-27,PL,0
2025-12-28,PL,0
2025-12-29,PL,0
2025-12-30,PL,0
2025-12-31,PL,0
2026-01-01,PL,0
2026-01-02,PL,0
2026-01-03,PL,0
2026-01-04,PL,0
2026-01-05,PL,0
2026-01-06,PL,0
2026-01-07,PL,0
2026-01-08,PL,0
2026-01-09,PL,0
2026-01-10,PL,0
2026-01-11,PL,0
2026-01-12,PL,0
2026-01-13,PL,0
2026-01-14,PL,0
2026-01-15,PL,0
2026-01-16,PL,0
2026-01-17,PL,0
2026-01-18,PL,0
2026-01-19,PL,0
2026-01-20,PL,0
2026-01-21,PL,0
2026-01-22,PL,0
2026-01-23,PL,0
2026-01-24,PL,0
2026-01-25,PL,0
2026-01-26,PL,0
2026-01-27,PL,0
2026-01-28,PL,0
2026-01-29,PL,0
2026-01-30,PL,0
2026-01-31,PL,0
2026-02-01,PL,0
2026-02-02,PL,0
2026-02-03,PL,0
2026-02-04,PL,0
2026-02-05,PL,0
2026-02-06,PL,0
2026-02-07,PL,0
2026-02-08,PL,0
2026-02-09,PL,0
2026-02-10,PL,0
2026-02-11,PL,0
2026-02-12,PL,0
2026-02-13,PL,0
2026-02-14,PL,0
2026-02-15,PL,0
2026-02-16,PL,0
2026-02-17,PL,0
2026-02-18,PL,0
2026-02-19,PL,0
2026-02-20,PL,0
2026-02-21,PL,72
2026-02-22,PL,0
2026-02-23,PL,0
2026-02-24,PL,0
2026-02-25,PL,0
2026-02-26,PL,0
2026-02-27,PL,0
2026-02-28,PL,0
2026-03-01,PL,0
2025-12-02,RO,0
2025-12-03,RO,0
2025-12-04,RO,0
2025-12-05,RO,0
2025-12-06,RO,0
2025-12-07,RO,0
2025-12-08,RO,0
2025-12-09,RO,0
2025-12-10,RO,0
2025-12-11,RO,0
2025-12-12,RO,0
2025-12-13,RO,0
2025-12-14,RO,0
2025-12-15,RO,0
2025-12-16,RO,0
2025-12-17,RO,0
2025-12-18,RO,0
2025-12-19,RO,0
2025-12-20,RO,0
2025-12-21,RO,0
2025-12-22,RO,0
2025-12-23,RO,0
2025-12-24,RO,0
2025-12-25,RO,0
2025-12-26,RO,0
2025-12-27,RO,0
2025-12-28,RO,0
2025-12-29,RO,0
2025-12-30,RO,0
2025-12-31,RO,0
2026-01-01,RO,0
2026-01-02,RO,0
2026-01-03,RO,0
2026-01-04,RO,0
2026-01-05,RO,0
2026-01-06,RO,0
2026-01-07,RO,0
2026-01-08,RO,0
2026-01-09,RO,0
2026-01-10,RO,0
2026-01-11,RO,0
2026-01-12,RO,0
2026-01-13,RO,0
2026-01-14,RO,0
2026-01-15,RO,0
2026-01-16,RO,0
2026-01-17,RO,0
2026-01-18,RO,0
2026-01-19,RO,0
2026-01-20,RO,0
2026-01-21,RO,0
2026-01-22,RO,0
2026-01-23,RO,0
2026-01-24,RO,0
2026-01-25,RO,0
2026-01-26,RO,0
2026-01-27,RO,0
2026-01-28,RO,0
2026-01-29,RO,0
2026-01-30,RO,0
2026-01-31,RO,0
2026-02-01,RO,0
2026-02-02,RO,0
2026-02-03,RO,0
2026-02-04,RO,0
2026-02-05,RO,0
2026-02-06,RO,0
2026-02-07,RO,0
2026-02-08,RO,0
2026-02-09,RO,0
2026-02-10,RO,0
2026-02-11,RO,0
2026-02-12,RO,0
2026-02-13,RO,0
2026-02-14,RO,0
2026-02-15,RO,0
2026-02-16,RO,0
2026-02-17,RO,0
2026-02-18,RO,0
2026-02-19,RO,0
2026-02-20,RO,0
2026-02-21,RO,29
2026-02-22,RO,0
2026-02-23,RO,0
2026-02-24,RO,0
2026-02-25,RO,0
2026-02-26,RO,0
2026-02-27,RO,0
2026-02-28,RO,0
2026-03-01,RO,0
2025-12-02,RS,0
2025-12-03,RS,0
2025-12-04,RS,0
2025-12-05,RS,0
2025-12-06,RS,0
2025-12-07,RS,0
2025-12-08,RS,0
2025-12-09,RS,0
2025-12-10,RS,0
2025-12-11,RS,0
2025-12-12,RS,0
2025-12-13,RS,0
2025-12-14,RS,0
2025-12-15,RS,0
2025-12-16,RS,0
2025-12-17,RS,0
2025-12-18,RS,0
2025-12-19,RS,0
2025-12-20,RS,0
2025-12-21,RS,0
2025-12-22,RS,0
2025-12-23,RS,0
2025-12-24,RS,0
2025-12-25,RS,0
2025-12-26,RS,0
2025-12-27,RS,0
2025-12-28,RS,0
2025-12-29,RS,0
2025-12-30,RS,0
2025-12-31,RS,0
2026-01-01,RS,0
2026-01-02,RS,0
2026-01-03,RS,0
2026-01-04,RS,0
2026-01-05,RS,0
2026-01-06,RS,0
2026-01-07,RS,0
2026-01-08,RS,0
2026-01-09,RS,0
2026-01-10,RS,0
2026-01-11,RS,0
2026-01-12,RS,0
2026-01-13,RS,0
2026-01-14,RS,0
2026-01-15,RS,0
2026-01-16,RS,0
2026-01-17,RS,0
2026-01-18,RS,0
2026-01-19,RS,0
2026-01-20,RS,0
2026-01-21,RS,0
2026-01-22,RS,0
2026-01-23,RS,0
2026-01-24,RS,0
2026-01-25,RS,0
2026-01-26,RS,0
2026-01-27,RS,0
2026-01-28,RS,0
2026-01-29,RS,0
2026-01-30,RS,0
2026-01-31,RS,0
2026-02-01,RS,0
2026-02-02,RS,0
2026-02-03,RS,0
2026-02-04,RS,0
2026-02-05,RS,0
2026-02-06,RS,0
2026-02-07,RS,0
2026-02-08,RS,0
2026-02-09,RS,0
2026-02-10,RS,0
2026-02-11,RS,0
2026-02-12,RS,0
2026-02-13,RS,0
2026-02-14,RS,0
2026-02-15,RS,0
2026-02-16,RS,0
2026-02-17,RS,0
2026-02-18,RS,0
2026-02-19,RS,0
2026-02-20,RS,0
2026-02-21,RS,34
2026-02-22,RS,0
2026-02-23,RS,0
2026-02-24,RS,0
2026-02-25,RS,0
2026-02-26,RS,0
2026-02-27,RS,0
2026-02-28,RS,0
2026-03-01,RS,0
2025-12-02,RU,0
2025-12-03,RU,0
2025-12-04,RU,0
2025-12-05,RU,0
2025-12-06,RU,0
2025-12-07,RU,0
2025-12-08,RU,0
2025-12-09,RU,0
2025-12-10,RU,0
2025-12-11,RU,0
2025-12-12,RU,0
2025-12-13,RU,0
2025-12-14,RU,0
2025-12-15,RU,0
2025-12-16,RU,0
2025-12-17,RU,0
2025-12-18,RU,0
2025-12-19,RU,0
2025-12-20,RU,0
2025-12-21,RU,0
2025-12-22,RU,0
2025-12-23,RU,0
2025-12-24,RU,0
2025-12-25,RU,0
2025-12-26,RU,0
2025-12-27,RU,0
2025-12-28,RU,0
2025-12-29,RU,0
2025-12-30,RU,0
2025-12-31,RU,0
2026-01-01,RU,0
2026-01-02,RU,0
2026-01-03,RU,0
2026-01-04,RU,0
2026-01-05,RU,0
2026-01-06,RU,0
2026-01-07,RU,0
2026-01-08,RU,0
2026-01-09,RU,0
2026-01-10,RU,0
2026-01-11,RU,0
2026-01-12,RU,0
2026-01-13,RU,0
2026-01-14,RU,0
2026-01-15,RU,0
2026-01-16,RU,0
2026-01-17,RU,0
2026-01-18,RU,0
2026-01-19,RU,0
2026-01-20,RU,0
2026-01-21,RU,0
2026-01-22,RU,0
2026-01-23,RU,0
2026-01-24,RU,0
2026-01-25,RU,0
2026-01-26,RU,0
2026-01-27,RU,0
2026-01-28,RU,0
2026-01-29,RU,0
2026-01-30,RU,0
2026-01-31,RU,0
2026-02-01,RU,0
2026-02-02,RU,0
2026-02-03,RU,0
2026-02-04,RU,0
2026-02-05,RU,0
2026-02-06,RU,0
2026-02-07,RU,0
2026-02-08,RU,0
2026-02-09,RU,0
2026-02-10,RU,0
2026-02-11,RU,0
2026-02-12,RU,0
2026-02-13,RU,0
2026-02-14,RU,0
2026-02-15,RU,21
2026-02-16,RU,0
2026-02-17,RU,0
2026-02-18,RU,0
2026-02-19,RU,0
2026-02-20,RU,0
2026-02-21,RU,18
2026-02-22,RU,0
2026-02-23,RU,0
2026-02-24,RU,0
2026-02-25,RU,0
2026-02-26,RU,47
2026-02-27,RU,0
2026-02-28,RU,0
2026-03-01,RU,0
2025-12-02,SA,0
2025-12-03,SA,0
2025-12-04,SA,0
2025-12-05,SA,0
2025-12-06,SA,0
2025-12-07,SA,0
2025-12-08,SA,0
2025-12-09,SA,0
2025-12-10,SA,0
2025-12-11,SA,0
2025-12-12,SA,0
2025-12-13,SA,0
2025-12-14,SA,0
2025-12-15,SA,0
2025-12-16,SA,0
2025-12-17,SA,0
2025-12-18,SA,0
2025-12-19,SA,0
2025-12-20,SA,0
2025-12-21,SA,0
2025-12-22,SA,0
2025-12-23,SA,0
2025-12-24,SA,0
2025-12-25,SA,0
2025-12-26,SA,0
2025-12-27,SA,0
2025-12-28,SA,0
2025-12-29,SA,0
2025-12-30,SA,0
2025-12-31,SA,0
2026-01-01,SA,0
2026-01-02,SA,0
2026-01-03,SA,0
2026-01-04,SA,0
2026-01-05,SA,0
2026-01-06,SA,0
2026-01-07,SA,0
2026-01-08,SA,0
2026-01-09,SA,0
2026-01-10,SA,0
2026-01-11,SA,0
2026-01-12,SA,0
2026-01-13,SA,0
2026-01-14,SA,0
2026-01-15,SA,0
2026-01-16,SA,0
2026-01-17,SA,0
2026-01-18,SA,0
2026-01-19,SA,0
2026-01-20,SA,0
2026-01-21,SA,0
2026-01-22,SA,0
2026-01-23,SA,0
2026-01-24,SA,0
2026-01-25,SA,0
2026-01-26,SA,0
2026-01-27,SA,0
2026-01-28,SA,0
2026-01-29,SA,0
2026-01-30,SA,0
2026-01-31,SA,0
2026-02-01,SA,0
2026-02-02,SA,0
2026-02-03,SA,0
2026-02-04,SA,0
2026-02-05,SA,0
2026-02-06,SA,0
2026-02-07,SA,0
2026-02-08,SA,0
2026-02-09,SA,0
2026-02-10,SA,0
2026-02-11,SA,0
2026-02-12,SA,0
2026-02-13,SA,0
2026-02-14,SA,0
2026-02-15,SA,0
2026-02-16,SA,0
2026-02-17,SA,0
2026-02-18,SA,0
2026-02-19,SA,0
2026-02-20,SA,0
2026-02-21,SA,61
2026-02-22,SA,0
2026-02-23,SA,0
2026-02-24,SA,0
2026-02-25,SA,0
2026-02-26,SA,69
2026-02-27,SA,0
2026-02-28,SA,0
2026-03-01,SA,0
2025-12-02,SG,0
2025-12-03,SG,0
2025-12-04,SG,0
2025-12-05,SG,0
2025-12-06,SG,0
2025-12-07,SG,0
2025-12-08,SG,0
2025-12-09,SG,0
2025-12-10,SG,0
2025-12-11,SG,0
2025-12-12,SG,0
2025-12-13,SG,0
2025-12-14,SG,0
2025-12-15,SG,0
2025-12-16,SG,0
2025-12-17,SG,0
2025-12-18,SG,0
2025-12-19,SG,0
2025-12-20,SG,0
2025-12-21,SG,0
2025-12-22,SG,0
2025-12-23,SG,0
2025-12-24,SG,0
2025-12-25,SG,0
2025-12-26,SG,0
2025-12-27,SG,0
2025-12-28,SG,0
2025-12-29,SG,0
2025-12-30,SG,0
2025-12-31,SG,0
2026-01-01,SG,0
2026-01-02,SG,0
2026-01-03,SG,0
2026-01-04,SG,0
2026-01-05,SG,0
2026-01-06,SG,0
2026-01-07,SG,0
2026-01-08,SG,0
2026-01-09,SG,0
2026-01-10,SG,0
2026-01-11,SG,0
2026-01-12,SG,0
2026-01-13,SG,0
2026-01-14,SG,0
2026-01-15,SG,0
2026-01-16,SG,0
2026-01-17,SG,0
2026-01-18,SG,0
2026-01-19,SG,0
2026-01-20,SG,0
2026-01-21,SG,0
2026-01-22,SG,0
2026-01-23,SG,0
2026-01-24,SG,0
2026-01-25,SG,0
2026-01-26,SG,0
2026-01-27,SG,0
2026-01-28,SG,0
2026-01-29,SG,0
2026-01-30,SG,0
2026-01-31,SG,0
2026-02-01,SG,0
2026-02-02,SG,0
2026-02-03,SG,0
2026-02-04,SG,0
2026-02-05,SG,0
2026-02-06,SG,0
2026-02-07,SG,0
2026-02-08,SG,0
2026-02-09,SG,0
2026-02-10,SG,0
2026-02-11,SG,0
2026-02-12,SG,0
2026-02-13,SG,0
2026-02-14,SG,0
2026-02-15,SG,0
2026-02-16,SG,0
2026-02-17,SG,0
2026-02-18,SG,0
2026-02-19,SG,0
2026-02-20,SG,0
2026-02-21,SG,92
2026-02-22,SG,0
2026-02-23,SG,0
2026-02-24,SG,136
2026-02-25,SG,91
2026-02-26,SG,0
2026-02-27,SG,161
2026-02-28,SG,0
2026-03-01,SG,0
2025-12-02,SY,0
2025-12-03,SY,0
2025-12-04,SY,0
2025-12-05,SY,0
2025-12-06,SY,0
2025-12-07,SY,0
2025-12-08,SY,0
2025-12-09,SY,0
2025-12-10,SY,0
2025-12-11,SY,0
2025-12-12,SY,0
2025-12-13,SY,0
2025-12-14,SY,0
2025-12-15,SY,0
2025-12-16,SY,0
2025-12-17,SY,0
2025-12-18,SY,0
2025-12-19,SY,0
2025-12-20,SY,0
2025-12-21,SY,0
2025-12-22,SY,0
2025-12-23,SY,0
2025-12-24,SY,0
2025-12-25,SY,0
2025-12-26,SY,0
2025-12-27,SY,0
2025-12-28,SY,0
2025-12-29,SY,0
2025-12-30,SY,0
2025-12-31,SY,0
2026-01-01,SY,0
2026-01-02,SY,0
2026-01-03,SY,0
2026-01-04,SY,0
2026-01-05,SY,0
2026-01-06,SY,0
2026-01-07,SY,0
2026-01-08,SY,0
2026-01-09,SY,0
2026-01-10,SY,0
2026-01-11,SY,0
2026-01-12,SY,0
2026-01-13,SY,0
2026-01-14,SY,0
2026-01-15,SY,0
2026-01-16,SY,0
2026-01-17,SY,0
2026-01-18,SY,0
2026-01-19,SY,0
2026-01-20,SY,0
2026-01-21,SY,0
2026-01-22,SY,0
2026-01-23,SY,0
2026-01-24,SY,0
2026-01-25,SY,0
2026-01-26,SY,0
2026-01-27,SY,0
2026-01-28,SY,0
2026-01-29,SY,0
2026-01-30,SY,0
2026-01-31,SY,0
2026-02-01,SY,0
2026-02-02,SY,0
2026-02-03,SY,0
2026-02-04,SY,0
2026-02-05,SY,0
2026-02-06,SY,0
2026-02-07,SY,0
2026-02-08,SY,0
2026-02-09,SY,0
2026-02-10,SY,0
2026-02-11,SY,0
2026-02-12,SY,0
2026-02-13,SY,0
2026-02-14,SY,0
2026-02-15,SY,0
2026-02-16,SY,0
2026-02-17,SY,0
2026-02-18,SY,0
2026-02-19,SY,0
2026-02-20,SY,0
2026-02-21,SY,50
2026-02-22,SY,0
2026-02-23,SY,0
2026-02-24,SY,0
2026-02-25,SY,22
2026-02-26,SY,34
2026-02-27,SY,0
2026-02-28,SY,0
2026-03-01,SY,0
2025-12-02,TH,0
2025-12-03,TH,0
2025-12-04,TH,0
2025-12-05,TH,0
2025-12-06,TH,0
2025-12-07,TH,0
2025-12-08,TH,0
2025-12-09,TH,0
2025-12-10,TH,0
2025-12-11,TH,0
2025-12-12,TH,0
2025-12-13,TH,0
2025-12-14,TH,0
2025-12-15,TH,0
2025-12-16,TH,0
2025-12-17,TH,0
2025-12-18,TH,0
2025-12-19,TH,0
2025-12-20,TH,0
2025-12-21,TH,0
2025-12-22,TH,0
2025-12-23,TH,0
2025-12-24,TH,0
2025-12-25,TH,0
2025-12-26,TH,0
2025-12-27,TH,0
2025-12-28,TH,0
2025-12-29,TH,0
2025-12-30,TH,0
2025-12-31,TH,0
2026-01-01,TH,0
2026-01-02,TH,0
2026-01-03,TH,0
2026-01-04,TH,0
2026-01-05,TH,0
2026-01-06,TH,0
2026-01-07,TH,0
2026-01-08,TH,0
2026-01-09,TH,0
2026-01-10,TH,0
2026-01-11,TH,0
2026-01-12,TH,0
2026-01-13,TH,0
2026-01-14,TH,0
2026-01-15,TH,0
2026-01-16,TH,0
2026-01-17,TH,0
2026-01-18,TH,0
2026-01-19,TH,0
2026-01-20,TH,0
2026-01-21,TH,0
2026-01-22,TH,0
2026-01-23,TH,0
2026-01-24,TH,0
2026-01-25,TH,0
2026-01-26,TH,0
2026-01-27,TH,0
2026-01-28,TH,0
2026-01-29,TH,0
2026-01-30,TH,0
2026-01-31,TH,0
2026-02-01,TH,0
2026-02-02,TH,0
2026-02-03,TH,0
2026-02-04,TH,0
2026-02-05,TH,0
2026-02-06,TH,0
2026-02-07,TH,0
2026-02-08,TH,0
2026-02-09,TH,0
2026-02-10,TH,0
2026-02-11,TH,0
2026-02-12,TH,0
2026-02-13,TH,0
2026-02-14,TH,0
2026-02-15,TH,0
2026-02-16,TH,49
2026-02-17,TH,0
2026-02-18,TH,0
2026-02-19,TH,0
2026-02-20,TH,0
2026-02-21,TH,94
2026-02-22,TH,29
2026-02-23,TH,0
2026-02-24,TH,0
2026-02-25,TH,0
2026-02-26,TH,78
2026-02-27,TH,0
2026-02-28,TH,0
2026-03-01,TH,0
2025-12-02,TR,0
2025-12-03,TR,0
2025-12-04,TR,0
2025-12-05,TR,0
2025-12-06,TR,0
2025-12-07,TR,0
2025-12-08,TR,0
2025-12-09,TR,0
2025-12-10,TR,0
2025-12-11,TR,0
2025-12-12,TR,0
2025-12-13,TR,0
2025-12-14,TR,0
2025-12-15,TR,0
2025-12-16,TR,0
2025-12-17,TR,0
2025-12-18,TR,0
2025-12-19,TR,0
2025-12-20,TR,0
2025-12-21,TR,0
2025-12-22,TR,0
2025-12-23,TR,0
2025-12-24,TR,0
2025-12-25,TR,0
2025-12-26,TR,0
2025-12-27,TR,0
2025-12-28,TR,0
2025-12-29,TR,0
2025-12-30,TR,0
2025-12-31,TR,0
2026-01-01,TR,0
2026-01-02,TR,0
2026-01-03,TR,0
2026-01-04,TR,0
2026-01-05,TR,0
2026-01-06,TR,0
2026-01-07,TR,0
2026-01-08,TR,0
2026-01-09,TR,0
2026-01-10,TR,0
2026-01-11,TR,0
2026-01-12,TR,0
2026-01-13,TR,0
2026-01-14,TR,0
2026-01-15,TR,0
2026-01-16,TR,0
2026-01-17,TR,0
2026-01-18,TR,0
2026-01-19,TR,0
2026-01-20,TR,0
2026-01-21,TR,0
2026-01-22,TR,0
2026-01-23,TR,0
2026-01-24,TR,0
2026-01-25,TR,0
2026-01-26,TR,0
2026-01-27,TR,0
2026-01-28,TR,0
2026-01-29,TR,0
2026-01-30,TR,0
2026-01-31,TR,0
2026-02-01,TR,0
2026-02-02,TR,0
2026-02-03,TR,0
2026-02-04,TR,0
2026-02-05,TR,0
2026-02-06,TR,0
2026-02-07,TR,0
2026-02-08,TR,0
2026-02-09,TR,0
2026-02-10,TR,0
2026-02-11,TR,0
2026-02-12,TR,0
2026-02-13,TR,0
2026-02-14,TR,0
2026-02-15,TR,0
2026-02-16,TR,0
2026-02-17,TR,0
2026-02-18,TR,0
2026-02-19,TR,0
2026-02-20,TR,33
2026-02-21,TR,126
2026-02-22,TR,0
2026-02-23,TR,0
2026-02-24,TR,0
2026-02-25,TR,42
2026-02-26,TR,144
2026-02-27,TR,0
2026-02-28,TR,0
2026-03-01,TR,0
2025-12-02,TW,0
2025-12-03,TW,0
2025-12-04,TW,0
2025-12-05,TW,0
2025-12-06,TW,0
2025-12-07,TW,0
2025-12-08,TW,0
2025-12-09,TW,0
2025-12-10,TW,0
2025-12-11,TW,0
2025-12-12,TW,0
2025-12-13,TW,0
2025-12-14,TW,0
2025-12-15,TW,0
2025-12-16,TW,0
2025-12-17,TW,0
2025-12-18,TW,0
2025-12-19,TW,0
2025-12-20,TW,0
2025-12-21,TW,0
2025-12-22,TW,0
2025-12-23,TW,0
2025-12-24,TW,0
2025-12-25,TW,0
2025-12-26,TW,0
2025-12-27,TW,0
2025-12-28,TW,0
2025-12-29,TW,0
2025-12-30,TW,0
2025-12-31,TW,0
2026-01-01,TW,0
2026-01-02,TW,0
2026-01-03,TW,0
2026-01-04,TW,0
2026-01-05,TW,0
2026-01-06,TW,0
2026-01-07,TW,0
2026-01-08,TW,0
2026-01-09,TW,0
2026-01-10,TW,0
2026-01-11,TW,0
2026-01-12,TW,0
2026-01-13,TW,0
2026-01-14,TW,0
2026-01-15,TW,0
2026-01-16,TW,0
2026-01-17,TW,0
2026-01-18,TW,0
2026-01-19,TW,0
2026-01-20,TW,0
2026-01-21,TW,0
2026-01-22,TW,0
2026-01-23,TW,0
2026-01-24,TW,0
2026-01-25,TW,0
2026-01-26,TW,0
2026-01-27,TW,0
2026-01-28,TW,0
2026-01-29,TW,0
2026-01-30,TW,0
2026-01-31,TW,0
2026-02-01,TW,0
2026-02-02,TW,0
2026-02-03,TW,0
2026-02-04,TW,0
2026-02-05,TW,0
2026-02-06,TW,0
2026-02-07,TW,0
2026-02-08,TW,0
2026-02-09,TW,0
2026-02-10,TW,0
2026-02-11,TW,0
2026-02-12,TW,0
2026-02-13,TW,0
2026-02-14,TW,0
2026-02-15,TW,60
2026-02-16,TW,58
2026-02-17,TW,0
2026-02-18,TW,0
2026-02-19,TW,21
2026-02-20,TW,793
2026-02-21,TW,2359
2026-02-22,TW,658
2026-02-23,TW,159
2026-02-24,TW,444
2026-02-25,TW,185
2026-02-26,TW,456
2026-02-27,TW,274
2026-02-28,TW,65
2026-03-01,TW,0
2025-12-02,UA,0
2025-12-03,UA,0
2025-12-04,UA,0
2025-12-05,UA,0
2025-12-06,UA,0
2025-12-07,UA,0
2025-12-08,UA,0
2025-12-09,UA,0
2025-12-10,UA,0
2025-12-11,UA,0
2025-12-12,UA,0
2025-12-13,UA,0
2025-12-14,UA,0
2025-12-15,UA,0
2025-12-16,UA,0
2025-12-17,UA,0
2025-12-18,UA,0
2025-12-19,UA,0
2025-12-20,UA,0
2025-12-21,UA,0
2025-12-22,UA,0
2025-12-23,UA,0
2025-12-24,UA,0
2025-12-25,UA,0
2025-12-26,UA,0
2025-12-27,UA,0
2025-12-28,UA,0
2025-12-29,UA,0
2025-12-30,UA,0
2025-12-31,UA,0
2026-01-01,UA,0
2026-01-02,UA,0
2026-01-03,UA,0
2026-01-04,UA,0
2026-01-05,UA,0
2026-01-06,UA,0
2026-01-07,UA,0
2026-01-08,UA,0
2026-01-09,UA,0
2026-01-10,UA,0
2026-01-11,UA,0
2026-01-12,UA,0
2026-01-13,UA,0
2026-01-14,UA,0
2026-01-15,UA,0
2026-01-16,UA,0
2026-01-17,UA,0
2026-01-18,UA,0
2026-01-19,UA,0
2026-01-20,UA,0
2026-01-21,UA,0
2026-01-22,UA,0
2026-01-23,UA,0
2026-01-24,UA,0
2026-01-25,UA,0
2026-01-26,UA,0
2026-01-27,UA,0
2026-01-28,UA,0
2026-01-29,UA,0
2026-01-30,UA,0
2026-01-31,UA,0
2026-02-01,UA,0
2026-02-02,UA,0
2026-02-03,UA,0
2026-02-04,UA,0
2026-02-05,UA,0
2026-02-06,UA,0
2026-02-07,UA,0
2026-02-08,UA,0
2026-02-09,UA,0
2026-02-10,UA,0
2026-02-11,UA,0
2026-02-12,UA,0
2026-02-13,UA,0
2026-02-14,UA,0
2026-02-15,UA,0
2026-02-16,UA,0
2026-02-17,UA,0
2026-02-18,UA,0
2026-02-19,UA,0
2026-02-20,UA,0
2026-02-21,UA,21
2026-02-22,UA,0
2026-02-23,UA,0
2026-02-24,UA,0
2026-02-25,UA,0
2026-02-26,UA,0
2026-02-27,UA,0
2026-02-28,UA,0
2026-03-01,UA,0
2025-12-02,US,0
2025-12-03,US,0
2025-12-04,US,0
2025-12-05,US,0
2025-12-06,US,0
2025-12-07,US,0
2025-12-08,US,0
2025-12-09,US,0
2025-12-10,US,0
2025-12-11,US,0
2025-12-12,US,0
2025-12-13,US,0
2025-12-14,US,0
2025-12-15,US,0
2025-12-16,US,0
2025-12-17,US,0
2025-12-18,US,0
2025-12-19,US,0
2025-12-20,US,0
2025-12-21,US,0
2025-12-22,US,0
2025-12-23,US,0
2025-12-24,US,0
2025-12-25,US,0
2025-12-26,US,0
2025-12-27,US,0
2025-12-28,US,0
2025-12-29,US,0
2025-12-30,US,0
2025-12-31,US,0
2026-01-01,US,0
2026-01-02,US,0
2026-01-03,US,0
2026-01-04,US,0
2026-01-05,US,0
2026-01-06,US,0
2026-01-07,US,0
2026-01-08,US,0
2026-01-09,US,0
2026-01-10,US,0
2026-01-11,US,0
2026-01-12,US,0
2026-01-13,US,0
2026-01-14,US,0
2026-01-15,US,0
2026-01-16,US,0
2026-01-17,US,0
2026-01-18,US,0
2026-01-19,US,0
2026-01-20,US,0
2026-01-21,US,0
2026-01-22,US,0
2026-01-23,US,0
2026-01-24,US,0
2026-01-25,US,0
2026-01-26,US,0
2026-01-27,US,0
2026-01-28,US,0
2026-01-29,US,0
2026-01-30,US,0
2026-01-31,US,0
2026-02-01,US,0
2026-02-02,US,0
2026-02-03,US,0
2026-02-04,US,0
2026-02-05,US,0
2026-02-06,US,0
2026-02-07,US,0
2026-02-08,US,0
2026-02-09,US,0
2026-02-10,US,0
2026-02-11,US,0
2026-02-12,US,0
2026-02-13,US,0
2026-02-14,US,0
2026-02-15,US,30
2026-02-16,US,0
2026-02-17,US,0
2026-02-18,US,0
2026-02-19,US,0
2026-02-20,US,61
2026-02-21,US,98
2026-02-22,US,0
2026-02-23,US,0
2026-02-24,US,0
2026-02-25,US,0
2026-02-26,US,57
2026-02-27,US,0
2026-02-28,US,0
2026-03-01,US,0
2025-12-02,UZ,0
2025-12-03,UZ,0
2025-12-04,UZ,0
2025-12-05,UZ,0
2025-12-06,UZ,0
2025-12-07,UZ,0
2025-12-08,UZ,0
2025-12-09,UZ,0
2025-12-10,UZ,0
2025-12-11,UZ,0
2025-12-12,UZ,0
2025-12-13,UZ,0
2025-12-14,UZ,0
2025-12-15,UZ,0
2025-12-16,UZ,0
2025-12-17,UZ,0
2025-12-18,UZ,0
2025-12-19,UZ,0
2025-12-20,UZ,0
2025-12-21,UZ,0
2025-12-22,UZ,0
2025-12-23,UZ,0
2025-12-24,UZ,0
2025-12-25,UZ,0
2025-12-26,UZ,0
2025-12-27,UZ,0
2025-12-28,UZ,0
2025-12-29,UZ,0
2025-12-30,UZ,0
2025-12-31,UZ,0
2026-01-01,UZ,0
2026-01-02,UZ,0
2026-01-03,UZ,0
2026-01-04,UZ,0
2026-01-05,UZ,0
2026-01-06,UZ,0
2026-01-07,UZ,0
2026-01-08,UZ,0
2026-01-09,UZ,0
2026-01-10,UZ,0
2026-01-11,UZ,0
2026-01-12,UZ,0
2026-01-13,UZ,0
2026-01-14,UZ,0
2026-01-15,UZ,0
2026-01-16,UZ,0
2026-01-17,UZ,0
2026-01-18,UZ,0
2026-01-19,UZ,0
2026-01-20,UZ,0
2026-01-21,UZ,0
2026-01-22,UZ,0
2026-01-23,UZ,0
2026-01-24,UZ,0
2026-01-25,UZ,0
2026-01-26,UZ,0
2026-01-27,UZ,0
2026-01-28,UZ,0
2026-01-29,UZ,0
2026-01-30,UZ,0
2026-01-31,UZ,0
2026-02-01,UZ,0
2026-02-02,UZ,0
2026-02-03,UZ,0
2026-02-04,UZ,0
2026-02-05,UZ,0
2026-02-06,UZ,0
2026-02-07,UZ,0
2026-02-08,UZ,0
2026-02-09,UZ,0
2026-02-10,UZ,0
2026-02-11,UZ,0
2026-02-12,UZ,0
2026-02-13,UZ,0
2026-02-14,UZ,0
2026-02-15,UZ,39
2026-02-16,UZ,17
2026-02-17,UZ,0
2026-02-18,UZ,0
2026-02-19,UZ,0
2026-02-20,UZ,0
2026-02-21,UZ,114
2026-02-22,UZ,25
2026-02-23,UZ,0
2026-02-24,UZ,0
2026-02-25,UZ,0
2026-02-26,UZ,41
2026-02-27,UZ,0
2026-02-28,UZ,0
2026-03-01,UZ,0
2025-12-02,VN,0
2025-12-03,VN,0
2025-12-04,VN,0
2025-12-05,VN,0
2025-12-06,VN,0
2025-12-07,VN,0
2025-12-08,VN,0
2025-12-09,VN,0
2025-12-10,VN,0
2025-12-11,VN,0
2025-12-12,VN,0
2025-12-13,VN,0
2025-12-14,VN,0
2025-12-15,VN,0
2025-12-16,VN,0
2025-12-17,VN,0
2025-12-18,VN,0
2025-12-19,VN,0
2025-12-20,VN,0
2025-12-21,VN,0
2025-12-22,VN,0
2025-12-23,VN,0
2025-12-24,VN,0
2025-12-25,VN,0
2025-12-26,VN,0
2025-12-27,VN,0
2025-12-28,VN,0
2025-12-29,VN,0
2025-12-30,VN,0
2025-12-31,VN,0
2026-01-01,VN,0
2026-01-02,VN,0
2026-01-03,VN,0
2026-01-04,VN,0
2026-01-05,VN,0
2026-01-06,VN,0
2026-01-07,VN,0
2026-01-08,VN,0
2026-01-09,VN,0
2026-01-10,VN,0
2026-01-11,VN,0
2026-01-12,VN,0
2026-01-13,VN,0
2026-01-14,VN,0
2026-01-15,VN,0
2026-01-16,VN,0
2026-01-17,VN,0
2026-01-18,VN,0
2026-01-19,VN,0
2026-01-20,VN,0
2026-01-21,VN,0
2026-01-22,VN,0
2026-01-23,VN,0
2026-01-24,VN,0
2026-01-25,VN,0
2026-01-26,VN,0
2026-01-27,VN,0
2026-01-28,VN,0
2026-01-29,VN,0
2026-01-30,VN,0
2026-01-31,VN,0
2026-02-01,VN,0
2026-02-02,VN,0
2026-02-03,VN,0
2026-02-04,VN,0
2026-02-05,VN,0
2026-02-06,VN,0
2026-02-07,VN,0
2026-02-08,VN,0
2026-02-09,VN,0
2026-02-10,VN,0
2026-02-11,VN,0
2026-02-12,VN,0
2026-02-13,VN,0
2026-02-14,VN,0
2026-02-15,VN,149
2026-02-16,VN,134
2026-02-17,VN,0
2026-02-18,VN,0
2026-02-19,VN,0
2026-02-20,VN,169
2026-02-21,VN,576
2026-02-22,VN,280
2026-02-23,VN,77
2026-02-24,VN,0
2026-02-25,VN,72
2026-02-26,VN,288
2026-02-27,VN,137
2026-02-28,VN,0
2026-03-01,VN,0
